iteration,sbm_val,SHAP_deepwalk_cos,SHAP_deepwalk_dist,SHAP_n2v_homophily_cos,SHAP_n2v_homophily_dist,SHAP_crosswalk_cos,SHAP_crosswalk_dist,SHAP_louvain_density,SHAP_infomap_density,SHAP_sbm_density,SHAP_leiden_density,SHAP_surprise_density,SHAP_significance_density,SHAP_pr_u,SHAP_pr_v,SHAP_ppr_u,SHAP_ppr_v,SHAP_lcc_u,SHAP_lcc_v,SHAP_and_u,SHAP_and_v,SHAP_dc_u,SHAP_dc_v,SHAP_katz_u,SHAP_katz_v,SHAP_sp,SHAP_jc,SHAP_aa,SHAP_cn,SHAP_pa,SHAP_ra
1,1.0,0.22094924747943878,0.2693654000759125,0.10603193938732147,0.10944852977991104,0.26719704270362854,0.08502063900232315,0.033755864948034286,0.13458482921123505,0.317773699760437,0.4773184359073639,0.051724229007959366,0.5267460346221924,0.0,0.0,0.0,0.0,0.0,0.0,0.0,0.0,0.0,0.0,0.0,0.0,0.0,0.38119247555732727,0.16947661340236664,0.038461122661828995,0.15898476541042328,0.16557367146015167
1,0.9,0.15676601231098175,0.1698482185602188,0.6014959216117859,0.1465393751859665,0.16852031648159027,0.12252948433160782,0.025895340368151665,0.04090682789683342,0.0973483994603157,0.3249208331108093,0.10966015607118607,0.16826139390468597,0.0,0.0,0.0,0.0,0.0,0.0,0.0,0.0,0.0,0.0,0.0,0.0,0.0,0.2521172761917114,0.3330043852329254,0.0067002600990235806,0.3183605670928955,0.305070698261261
1,0.8,0.11312295496463776,0.15536734461784363,0.15956829488277435,0.15748949348926544,0.23526760935783386,0.17933601140975952,0.10318723320960999,0.01071223709732294,0.23483270406723022,0.27142807841300964,0.23919495940208435,0.18210949003696442,0.0,0.0,0.0,0.0,0.0,0.0,0.0,0.0,0.0,0.0,0.0,0.0,0.0,0.126740500330925,0.42050841450691223,0.06973797082901001,0.2969718277454376,0.07191023230552673
1,0.7,0.2192305326461792,0.12523634731769562,0.14934763312339783,0.13214099407196045,0.1627281755208969,0.15154871344566345,0.05589831620454788,0.0,0.04510531947016716,0.23983758687973022,0.34385257959365845,0.11545733362436295,0.0,0.0,0.0,0.0,0.0,0.0,0.0,0.0,0.0,0.0,0.0,0.0,0.0,0.15691931545734406,0.14237581193447113,0.0,0.11696450412273407,0.3248293697834015
1,0.6,0.12023799866437912,0.11483775824308395,0.21913383901119232,0.09428267180919647,0.2347649782896042,0.15499736368656158,0.03455222025513649,0.0,0.18331947922706604,0.1362210065126419,0.10999918729066849,0.13223719596862793,0.0,0.0,0.0,0.0,0.0,0.0,0.0,0.0,0.0,0.0,0.0,0.0,0.0,0.3160725235939026,0.2124600112438202,0.07465320080518723,0.22300685942173004,0.0939033254981041
1,0.5,0.19028013944625854,0.1258581578731537,0.20023971796035767,0.16186878085136414,0.1604793667793274,0.10247451812028885,0.10402696579694748,0.0,0.23670823872089386,0.1615322232246399,0.17870628833770752,0.08234234154224396,0.0,0.0,0.0,0.0,0.0,0.0,0.0,0.0,0.0,0.0,0.0,0.0,0.0,0.09957434982061386,0.16641643643379211,0.006662625353783369,0.14344783127307892,0.24938061833381653
1,0.4,0.11876709014177322,0.1299150288105011,0.12631778419017792,0.16372650861740112,0.2912837862968445,0.144049733877182,0.14803560078144073,0.0,0.259983092546463,0.038282349705696106,0.27742481231689453,0.19827508926391602,0.0,0.0,0.0,0.0,0.0,0.0,0.0,0.0,0.0,0.0,0.0,0.0,0.0,0.20084616541862488,0.2997490465641022,0.01556289941072464,0.2656562030315399,0.08882230520248413
1,0.3,0.16801810264587402,0.1447354555130005,0.19973967969417572,0.12861725687980652,0.2412988692522049,0.18139863014221191,0.06001215800642967,0.0034630121663212776,0.47150975465774536,0.14347082376480103,0.13274958729743958,0.1406116634607315,0.0,0.0,0.0,0.0,0.0,0.0,0.0,0.0,0.0,0.0,0.0,0.0,0.0,0.13833355903625488,0.12923118472099304,0.0,0.17637938261032104,0.22444841265678406
1,0.2,0.1389557272195816,0.15812236070632935,0.14868250489234924,0.17879514396190643,0.11805400252342224,0.21096475422382355,0.0369831845164299,0.0029267347417771816,0.06743094325065613,0.05978421866893768,0.8353089690208435,0.12589092552661896,0.0,0.0,0.0,0.0,0.0,0.0,0.0,0.0,0.0,0.0,0.0,0.0,0.01135545689612627,0.1792515218257904,0.2221253216266632,0.022696183994412422,0.142066091299057,0.09295772016048431
1,0.1,0.1517985463142395,0.18520164489746094,0.15480604767799377,0.14616204798221588,0.21027624607086182,0.12500014901161194,0.04365861415863037,0.008155432529747486,0.1138470396399498,0.05361233279109001,0.5967718958854675,0.5023670792579651,0.0,0.0,0.0,0.0,0.0,0.0,0.0,0.0,0.0,0.0,0.0,0.0,0.006189543753862381,0.20931921899318695,0.07799325883388519,0.049693237990140915,0.19870010018348694,0.0838671624660492
1,0.0,0.253274530172348,0.10342710465192795,0.09297366440296173,0.1693195253610611,0.06454645842313766,0.1176796481013298,0.17161940038204193,0.5318958163261414,0.22840282320976257,0.3413431644439697,0.2894618809223175,0.3018747866153717,0.0,0.0,0.0,0.0,0.0,0.0,0.0,0.0,0.0,0.0,0.0,0.0,0.0,0.1308087706565857,0.28364306688308716,0.02214003913104534,0.17086252570152283,0.1596561074256897
2,1.0,0.17689357697963715,0.11001016944646835,0.13840651512145996,0.32016313076019287,0.1733105629682541,0.12111110240221024,0.06767524033784866,0.03246390447020531,0.3616565465927124,0.05145172029733658,0.29395923018455505,0.1657843142747879,0.0,0.0,0.0,0.0,0.0,0.0,0.0,0.0,0.0,0.0,0.0,0.0,0.0031626843847334385,0.2747226655483246,0.11561798304319382,0.006101943552494049,0.15112678706645966,0.707599937915802
2,0.9,0.12139870226383209,0.1398387849330902,0.15177957713603973,0.14953479170799255,0.35249975323677063,0.1742144525051117,0.14845119416713715,0.12782689929008484,0.3663467466831207,0.10678812116384506,0.18383406102657318,0.16424861550331116,0.0,0.0,0.0,0.0,0.0,0.0,0.0,0.0,0.0,0.0,0.0,0.0,0.0,0.22349630296230316,0.12350635975599289,0.10751527547836304,0.12392013520002365,0.3191245496273041
2,0.8,0.21406887471675873,0.09780319780111313,0.18017710745334625,0.1798866093158722,0.2576042413711548,0.1227421835064888,0.046489521861076355,0.08567040413618088,0.2837429642677307,0.1483817845582962,0.3051218092441559,0.1667843908071518,0.0,0.0,0.0,0.0,0.0,0.0,0.0,0.0,0.0,0.0,0.0,0.0,0.0,0.23352700471878052,0.09859971702098846,0.02336728759109974,0.26462531089782715,0.09075822681188583
2,0.7,0.23233993351459503,0.16159836947917938,0.19233159720897675,0.11808788031339645,0.1631019413471222,0.17595042288303375,0.0069494121707975864,0.0,0.19597679376602173,0.2615357041358948,0.26873719692230225,0.13967692852020264,0.0,0.0,0.0,0.0,0.0,0.0,0.0,0.0,0.0,0.0,0.0,0.0,0.0,0.23759746551513672,0.17091712355613708,0.003501767525449395,0.14733561873435974,0.06155719608068466
2,0.6,0.25047385692596436,0.17086464166641235,0.16247612237930298,0.15481963753700256,0.1000196561217308,0.16961543262004852,0.1065932884812355,0.0,0.20727555453777313,0.41262874007225037,0.12085644155740738,0.07829016447067261,0.0,0.0,0.0,0.0,0.0,0.0,0.0,0.0,0.0,0.0,0.0,0.0,0.002774075837805867,0.23639871180057526,0.1644577831029892,0.022209512069821358,0.21223758161067963,0.1840396225452423
2,0.5,0.14189402759075165,0.12974895536899567,0.19614121317863464,0.11564630270004272,0.30021917819976807,0.11437881737947464,0.09585225582122803,0.0,0.09444982558488846,0.15665501356124878,0.14194080233573914,0.11332211643457413,0.0,0.0,0.0,0.0,0.0,0.0,0.0,0.0,0.0,0.0,0.0,0.0,0.0,0.1445847600698471,0.46611183881759644,0.0,0.1949249505996704,0.1134302094578743
2,0.4,0.15596725046634674,0.133941188454628,0.11842065304517746,0.09801781177520752,0.14133189618587494,0.15953442454338074,0.04548954963684082,0.0,0.0889701396226883,0.08506076037883759,0.4026285409927368,0.11646486818790436,0.0,0.0,0.0,0.0,0.0,0.0,0.0,0.0,0.0,0.0,0.0,0.0,0.0,0.1449163556098938,0.22277440130710602,0.002429122570902109,0.13459859788417816,0.1360446959733963
2,0.3,0.14026528596878052,0.11336727440357208,0.1803968995809555,0.1569710671901703,0.18667159974575043,0.27669861912727356,0.04158307984471321,0.09509080648422241,0.1859738677740097,0.24848702549934387,0.29233524203300476,0.19119873642921448,0.0,0.0,0.0,0.0,0.0,0.0,0.0,0.0,0.0,0.0,0.0,0.0,0.0019433603156358004,0.21323983371257782,0.14892947673797607,0.006781118456274271,0.13607600331306458,0.15817490220069885
2,0.2,0.4112626612186432,0.10769327729940414,0.22163619101047516,0.15326958894729614,0.13673582673072815,0.14246892929077148,0.024005649611353874,0.1311439722776413,0.07551023364067078,0.05136735737323761,0.5646554827690125,0.10550498962402344,0.0,0.0,0.0,0.0,0.0,0.0,0.0,0.0,0.0,0.0,0.0,0.0,0.0,0.09982320666313171,0.12863272428512573,0.033894527703523636,0.15503157675266266,0.24158377945423126
2,0.1,0.17007726430892944,0.16133011877536774,0.19741787016391754,0.20855864882469177,0.12096783518791199,0.14476433396339417,0.031442295759916306,0.0059112966991961,0.09886067360639572,0.28504884243011475,1.053198218345642,0.2554713487625122,0.0,0.0,0.0,0.0,0.0,0.0,0.0,0.0,0.0,0.0,0.0,0.0,0.0,0.07538095861673355,0.21390241384506226,0.026134692132472992,0.270637184381485,0.07295043021440506
2,0.0,0.17890788614749908,0.2338932603597641,0.14543965458869934,0.12691332399845123,0.1798945665359497,0.10336051136255264,0.03358945623040199,0.42918840050697327,0.29985812306404114,0.007407985161989927,0.5961472392082214,0.2519252300262451,0.0,0.0,0.0,0.0,0.0,0.0,0.0,0.0,0.0,0.0,0.0,0.0,0.0,0.4438711404800415,0.19700103998184204,0.08060163259506226,0.1880955994129181,0.10522452741861343
3,1.0,0.5000748634338379,0.18481667339801788,0.2809395492076874,0.12348606437444687,0.1591964215040207,0.10398745536804199,0.07744373381137848,0.210191547870636,0.39452406764030457,0.03828125074505806,0.03187234327197075,0.24985606968402863,0.0,0.0,0.0,0.0,0.0,0.0,0.0,0.0,0.0,0.0,0.0,0.0,0.0,0.23100680112838745,0.2230466604232788,0.015132572501897812,0.15431086719036102,0.6201493740081787
3,0.9,0.18058404326438904,0.1825156956911087,0.11958035826683044,0.13786251842975616,0.16282367706298828,0.1386769413948059,0.080718494951725,0.04630497843027115,0.9083553552627563,0.05744142457842827,0.1710439920425415,0.27324676513671875,0.0,0.0,0.0,0.0,0.0,0.0,0.0,0.0,0.0,0.0,0.0,0.0,0.0016616825014352798,0.4214799404144287,0.19123631715774536,0.03853534534573555,0.08511927723884583,0.10332079976797104
3,0.8,0.15634208917617798,0.13947813212871552,0.17691755294799805,0.13808229565620422,0.16888144612312317,0.1353066861629486,0.016629988327622414,0.033827245235443115,0.3077862858772278,0.04872027412056923,0.2599218785762787,0.16143792867660522,0.0,0.0,0.0,0.0,0.0,0.0,0.0,0.0,0.0,0.0,0.0,0.0,0.0,0.229776531457901,0.42106255888938904,0.02559346705675125,0.1701001673936844,0.0814814418554306
3,0.7,0.1766432374715805,0.13740277290344238,0.14504587650299072,0.1758604645729065,0.11801216006278992,0.3003256916999817,0.07797292619943619,0.0,0.2186029702425003,0.10621622204780579,0.3718864321708679,0.1532154083251953,0.0,0.0,0.0,0.0,0.0,0.0,0.0,0.0,0.0,0.0,0.0,0.0,0.0,0.0987638458609581,0.18622204661369324,0.03968974947929382,0.2097499668598175,0.2760879099369049
3,0.6,0.32249537110328674,0.11382591724395752,0.13163559138774872,0.15844562649726868,0.10436534136533737,0.12238161265850067,0.15363606810569763,0.0,0.41831210255622864,0.09447769075632095,0.15252958238124847,0.08266960084438324,0.0,0.0,0.0,0.0,0.0,0.0,0.0,0.0,0.0,0.0,0.0,0.0,0.0,0.36380693316459656,0.19748583436012268,0.008891722187399864,0.17086240649223328,0.1665395051240921
3,0.5,0.10177846997976303,0.15508107841014862,0.1645345538854599,0.1474219411611557,0.1527058631181717,0.12096335738897324,0.17766177654266357,0.0,0.20607981085777283,0.11561833322048187,0.1877710372209549,0.11895999312400818,0.0,0.0,0.0,0.0,0.0,0.0,0.0,0.0,0.0,0.0,0.0,0.0,0.0,0.12267759442329407,0.2406988888978958,0.007612103130668402,0.25843358039855957,0.42727595567703247
3,0.4,0.12128642946481705,0.16490529477596283,0.22636498510837555,0.14723949134349823,0.5088720917701721,0.10567274689674377,0.0854480192065239,0.0,0.05686809495091438,0.22119425237178802,0.2550642490386963,0.09411556273698807,0.0,0.0,0.0,0.0,0.0,0.0,0.0,0.0,0.0,0.0,0.0,0.0,0.0,0.20300066471099854,0.16644920408725739,0.0049814791418612,0.22367900609970093,0.05711015313863754
3,0.3,0.14212287962436676,0.17721445858478546,0.20253948867321014,0.13411308825016022,0.16051380336284637,0.24504880607128143,0.31930649280548096,0.020782100036740303,0.03510093688964844,0.029878761619329453,0.3821069300174713,0.21177133917808533,0.0,0.0,0.0,0.0,0.0,0.0,0.0,0.0,0.0,0.0,0.0,0.0,0.0,0.07283741235733032,0.26963189244270325,0.0,0.16685326397418976,0.08004239946603775
3,0.2,0.26363229751586914,0.15836451947689056,0.12425319850444794,0.1530829519033432,0.13238048553466797,0.14946401119232178,0.03201935812830925,0.01432781107723713,0.01847490295767784,0.02619321458041668,0.6910339593887329,0.33174005150794983,0.0,0.0,0.0,0.0,0.0,0.0,0.0,0.0,0.0,0.0,0.0,0.0,0.0,0.13999523222446442,0.18442395329475403,0.008449218235909939,0.09291350096464157,0.21712565422058105
3,0.1,0.23246975243091583,0.09330471605062485,0.17278380692005157,0.09675133228302002,0.19840507209300995,0.14267855882644653,0.051802076399326324,0.2518177330493927,0.082071952521801,0.015162655152380466,0.24208740890026093,0.4867800176143646,0.0,0.0,0.0,0.0,0.0,0.0,0.0,0.0,0.0,0.0,0.0,0.0,0.0,0.453473299741745,0.2656830847263336,0.02265605516731739,0.1623479723930359,0.193020299077034
3,0.0,0.18780286610126495,0.1872244030237198,0.17420507967472076,0.13060685992240906,0.22540836036205292,0.14108969271183014,0.013181344605982304,0.29899999499320984,0.20703616738319397,0.3136465549468994,0.03706056624650955,0.41908642649650574,0.0,0.0,0.0,0.0,0.0,0.0,0.0,0.0,0.0,0.0,0.0,0.0,0.0,0.6925221085548401,0.3104322850704193,0.017168432474136353,0.21003536880016327,0.2859536111354828
4,1.0,0.2774217426776886,0.17499014735221863,0.14736971259117126,0.17345821857452393,0.15875117480754852,0.21329240500926971,0.09480603039264679,0.2323542833328247,0.1420588493347168,0.0756891667842865,0.06502440571784973,0.3385590612888336,0.0,0.0,0.0,0.0,0.0,0.0,0.0,0.0,0.0,0.0,0.0,0.0,0.0022473593708127737,0.17559365928173065,0.12908312678337097,0.021896522492170334,0.10094273090362549,0.9635260105133057
4,0.9,0.15699271857738495,0.1920064240694046,0.12977690994739532,0.0895538479089737,0.25621792674064636,0.1597333401441574,0.2902393341064453,0.0,0.3822593092918396,0.09584225714206696,0.24509857594966888,0.2280535101890564,0.0,0.0,0.0,0.0,0.0,0.0,0.0,0.0,0.0,0.0,0.0,0.0,0.0,0.10215643048286438,0.21513986587524414,0.005735914688557386,0.24656687676906586,0.3826279044151306
4,0.8,0.16195043921470642,0.13305076956748962,0.3196784555912018,0.18602760136127472,0.15384167432785034,0.14232157170772552,0.016835534945130348,0.0,0.19984503090381622,0.15636521577835083,0.23731155693531036,0.14149732887744904,0.0,0.0,0.0,0.0,0.0,0.0,0.0,0.0,0.0,0.0,0.0,0.0,0.0,0.31624600291252136,0.22566379606723785,0.0024348441511392593,0.15639862418174744,0.12446068972349167
4,0.7,0.14019173383712769,0.16825492680072784,0.13350461423397064,0.21858353912830353,0.11691839247941971,0.12525656819343567,0.07579421997070312,0.0,0.17001090943813324,0.03567240759730339,0.3302876651287079,0.14691737294197083,0.0,0.0,0.0,0.0,0.0,0.0,0.0,0.0,0.0,0.0,0.0,0.0,0.019203737378120422,0.19902338087558746,0.13229818642139435,0.0220430139452219,0.1598767191171646,0.31436461210250854
4,0.6,0.1301162987947464,0.1248055025935173,0.21148934960365295,0.15214630961418152,0.31364983320236206,0.11716633290052414,0.21771278977394104,0.0,0.2435503900051117,0.0769275352358818,0.14688335359096527,0.1951332539319992,0.0,0.0,0.0,0.0,0.0,0.0,0.0,0.0,0.0,0.0,0.0,0.0,0.0,0.4912308156490326,0.15450195968151093,0.13878688216209412,0.2248939722776413,0.064077228307724
4,0.5,0.19864319264888763,0.09297288954257965,0.1840202510356903,0.1044769436120987,0.21339033544063568,0.16751377284526825,0.13352873921394348,0.0,0.25665026903152466,0.18559356033802032,0.25868794322013855,0.14905819296836853,0.0,0.0,0.0,0.0,0.0,0.0,0.0,0.0,0.0,0.0,0.0,0.0,0.0,0.17790886759757996,0.05236098915338516,0.0,0.10284958779811859,0.1239907518029213
4,0.4,0.1223311647772789,0.1607275903224945,0.20049472153186798,0.14834341406822205,0.20183424651622772,0.1081325113773346,0.2624521553516388,0.0,0.06275515258312225,0.07347244024276733,0.35348939895629883,0.14732567965984344,0.0,0.0,0.0,0.0,0.0,0.0,0.0,0.0,0.0,0.0,0.0,0.0,0.0023634263779968023,0.44269290566444397,0.04050322249531746,0.00331010390073061,0.13746094703674316,0.12763507664203644
4,0.3,0.3031676113605499,0.18720871210098267,0.11184126138687134,0.08139365911483765,0.2216242104768753,0.10378187894821167,0.008260872215032578,0.0,0.11851129680871964,0.21714089810848236,0.49626395106315613,0.1484537422657013,0.0,0.0,0.0,0.0,0.0,0.0,0.0,0.0,0.0,0.0,0.0,0.0,0.0,0.08585942536592484,0.11008647084236145,0.07320567965507507,0.1914004236459732,0.09611508250236511
4,0.2,0.2687716484069824,0.11200036108493805,0.23736555874347687,0.14178349077701569,0.12760810554027557,0.1344260722398758,0.2527431547641754,0.002217913744971156,0.09397866576910019,0.03390451520681381,0.5439364314079285,0.1341390609741211,0.0,0.0,0.0,0.0,0.0,0.0,0.0,0.0,0.0,0.0,0.0,0.0,0.0,0.12099163234233856,0.07046329230070114,0.0056414417922496796,0.19810186326503754,0.21224339306354523
4,0.1,0.4657548666000366,0.11346534639596939,0.25686344504356384,0.16519606113433838,0.15308129787445068,0.2373618632555008,0.005879208445549011,0.021101554855704308,0.0997706949710846,0.015155944041907787,0.028700126335024834,0.6718756556510925,0.0,0.0,0.0,0.0,0.0,0.0,0.0,0.0,0.0,0.0,0.0,0.0,0.0,0.6703585982322693,0.1193501427769661,0.008722380734980106,0.2017202526330948,0.10794127732515335
4,0.0,0.1707143783569336,0.10606112331151962,0.11958113312721252,0.08221547305583954,0.22607049345970154,0.14850865304470062,0.07669465988874435,0.060692861676216125,0.06138168275356293,0.12753549218177795,0.021287471055984497,1.0099003314971924,0.0,0.0,0.0,0.0,0.0,0.0,0.0,0.0,0.0,0.0,0.0,0.0,0.0,0.33017152547836304,0.1876382976770401,0.04326794296503067,0.18347109854221344,0.08179508149623871
5,1.0,0.2423529028892517,0.23651854693889618,0.31336498260498047,0.14202439785003662,0.11913706362247467,0.10667978972196579,0.09470589458942413,0.0,0.5813928842544556,0.08212318271398544,0.09062712639570236,0.23609641194343567,0.0,0.0,0.0,0.0,0.0,0.0,0.0,0.0,0.0,0.0,0.0,0.0,0.0,0.08308034390211105,0.26989421248435974,0.039318401366472244,0.24067042768001556,0.8005958795547485
5,0.9,0.12364087253808975,0.19348731637001038,0.18193860352039337,0.13166691362857819,0.157631978392601,0.18545804917812347,0.0016590922605246305,0.019488804042339325,0.26064279675483704,0.08331191539764404,0.5307532548904419,0.20850419998168945,0.0,0.0,0.0,0.0,0.0,0.0,0.0,0.0,0.0,0.0,0.0,0.0,0.0,0.1065523773431778,0.2130059152841568,0.017876168712973595,0.2961535155773163,0.25258868932724
5,0.8,0.11871017515659332,0.20104803144931793,0.20501264929771423,0.2205566167831421,0.2451269030570984,0.12617312371730804,0.15810297429561615,0.0,0.12247943133115768,0.6726361513137817,0.28401973843574524,0.11748886108398438,0.0,0.0,0.0,0.0,0.0,0.0,0.0,0.0,0.0,0.0,0.0,0.0,0.0021635431330651045,0.2328113615512848,0.16352692246437073,0.003927452489733696,0.1343427151441574,0.08759962022304535
5,0.7,0.16278637945652008,0.10837960243225098,0.1953495442867279,0.08066942542791367,0.2011423259973526,0.13016535341739655,0.22583149373531342,0.0,0.10938259959220886,0.0367378294467926,0.1450536698102951,0.2256949096918106,0.0,0.0,0.0,0.0,0.0,0.0,0.0,0.0,0.0,0.0,0.0,0.0,0.0,0.3102574348449707,0.2484413981437683,0.007240381557494402,0.3229663372039795,0.10053413361310959
5,0.6,0.26789551973342896,0.1261966973543167,0.14580094814300537,0.14674891531467438,0.16889314353466034,0.13884495198726654,0.1168777272105217,0.0,0.36692363023757935,0.18700149655342102,0.19561487436294556,0.10475745052099228,0.0,0.0,0.0,0.0,0.0,0.0,0.0,0.0,0.0,0.0,0.0,0.0,0.0,0.1048390120267868,0.23170484602451324,0.0,0.22597932815551758,0.24121223390102386
5,0.5,0.11245571821928024,0.09557691216468811,0.361869215965271,0.17170178890228271,0.18306928873062134,0.3040495216846466,0.06682159006595612,0.0,0.43840304017066956,0.05313386768102646,0.24405206739902496,0.19756054878234863,0.0,0.0,0.0,0.0,0.0,0.0,0.0,0.0,0.0,0.0,0.0,0.0,0.0,0.15709561109542847,0.11885547637939453,0.014256717637181282,0.15811239182949066,0.07236862182617188
5,0.4,0.16121433675289154,0.19266512989997864,0.10374538600444794,0.21563395857810974,0.11566178500652313,0.2069472223520279,0.0546182356774807,0.0,0.08849608153104782,0.25446656346321106,0.48103010654449463,0.07121937721967697,0.0,0.0,0.0,0.0,0.0,0.0,0.0,0.0,0.0,0.0,0.0,0.0,0.0,0.09154101461172104,0.12044341117143631,0.002165037440136075,0.21251893043518066,0.3983616828918457
5,0.3,0.15601269900798798,0.1256761997938156,0.2662094831466675,0.1489628702402115,0.1780383139848709,0.24856865406036377,0.0613236278295517,0.0,0.043159812688827515,0.17303457856178284,0.4619150757789612,0.12472736090421677,0.0,0.0,0.0,0.0,0.0,0.0,0.0,0.0,0.0,0.0,0.0,0.0,0.0,0.38667869567871094,0.11193908005952835,0.002771087223663926,0.0802336186170578,0.08529622107744217
5,0.2,0.18183541297912598,0.1644728183746338,0.17405420541763306,0.1380549967288971,0.17598071694374084,0.1679328978061676,0.3019639551639557,0.019091619178652763,0.24442610144615173,0.13610179722309113,0.4500095248222351,0.13027030229568481,0.0,0.0,0.0,0.0,0.0,0.0,0.0,0.0,0.0,0.0,0.0,0.0,0.0,0.21155747771263123,0.12985020875930786,0.007551005110144615,0.22994902729988098,0.056946638971567154
5,0.1,0.15161731839179993,0.15807491540908813,0.1151675209403038,0.15325140953063965,0.25366270542144775,0.17889666557312012,0.04234592244029045,0.05684487894177437,0.08520001173019409,0.16810153424739838,0.34030357003211975,0.3772265911102295,0.0,0.0,0.0,0.0,0.0,0.0,0.0,0.0,0.0,0.0,0.0,0.0,0.0,0.6767867207527161,0.169768825173378,0.005631518550217152,0.14946994185447693,0.13740375638008118
5,0.0,0.2020362913608551,0.11570966988801956,0.14801424741744995,0.10923100262880325,0.27647846937179565,0.14309653639793396,0.015289900824427605,0.015349147841334343,0.3352033793926239,0.1347445547580719,0.0879829004406929,1.000207543373108,0.0,0.0,0.0,0.0,0.0,0.0,0.0,0.0,0.0,0.0,0.0,0.0,0.0,0.29102998971939087,0.31977739930152893,0.02450813725590706,0.14838597178459167,0.4066644608974457
6,1.0,0.3064080476760864,0.27997612953186035,0.111997090280056,0.1820724457502365,0.10554296523332596,0.12561318278312683,0.11494196206331253,0.09306637197732925,0.5311833620071411,0.13934877514839172,0.08988876640796661,0.07407134026288986,0.0,0.0,0.0,0.0,0.0,0.0,0.0,0.0,0.0,0.0,0.0,0.0,0.004572543315589428,0.4096278250217438,0.18555761873722076,0.03647461533546448,0.1688898205757141,0.41601449251174927
6,0.9,0.22725951671600342,0.12892983853816986,0.07536949962377548,0.1696661114692688,0.17055904865264893,0.13430319726467133,0.07354062050580978,0.041430436074733734,0.1493186503648758,0.2666129469871521,0.1876039057970047,0.24057619273662567,0.0,0.0,0.0,0.0,0.0,0.0,0.0,0.0,0.0,0.0,0.0,0.0,0.008109056390821934,0.28657761216163635,0.1425611972808838,0.08894161880016327,0.15451566874980927,0.6529399752616882
6,0.8,0.21205838024616241,0.16772675514221191,0.11086086928844452,0.19027604162693024,0.12783783674240112,0.12646333873271942,0.2834379971027374,0.0,0.1675596833229065,0.06029195711016655,0.21011033654212952,0.0999235287308693,0.0,0.0,0.0,0.0,0.0,0.0,0.0,0.0,0.0,0.0,0.0,0.0,0.06259367614984512,0.1922324001789093,0.1092098131775856,0.010555746033787727,0.23407557606697083,0.46108344197273254
6,0.7,0.17705821990966797,0.08917319029569626,0.12329284846782684,0.09604840725660324,0.2894343137741089,0.17310088872909546,0.11966682970523834,0.0,0.34451502561569214,0.05573878809809685,0.21971380710601807,0.14260311424732208,0.0,0.0,0.0,0.0,0.0,0.0,0.0,0.0,0.0,0.0,0.0,0.0,0.0,0.08200246840715408,0.2811889946460724,0.0,0.1858016699552536,0.20975585281848907
6,0.6,0.18237070739269257,0.11429769545793533,0.10493706911802292,0.10619398206472397,0.15725257992744446,0.08896293491125107,0.1963072419166565,0.0,0.21507138013839722,0.2728045582771301,0.12863434851169586,0.16476693749427795,0.0,0.0,0.0,0.0,0.0,0.0,0.0,0.0,0.0,0.0,0.0,0.0,0.0,0.06598886102437973,0.36352112889289856,0.0,0.1600889265537262,0.20397759974002838
6,0.5,0.15342287719249725,0.16739387810230255,0.1751430183649063,0.14935939013957977,0.15347357094287872,0.14575278759002686,0.23233258724212646,0.0,0.20244865119457245,0.07612577825784683,0.216061532497406,0.09719917923212051,0.0,0.0,0.0,0.0,0.0,0.0,0.0,0.0,0.0,0.0,0.0,0.0,0.0,0.15887337923049927,0.29254594445228577,0.0018420408014208078,0.1480623185634613,0.1277894675731659
6,0.4,0.3601170480251312,0.1382097601890564,0.1752503514289856,0.08907677978277206,0.22820092737674713,0.1502731889486313,0.14191433787345886,0.0,0.018684783950448036,0.035536669194698334,0.202220156788826,0.2126132994890213,0.0,0.0,0.0,0.0,0.0,0.0,0.0,0.0,0.0,0.0,0.0,0.0,0.0038455596659332514,0.31395119428634644,0.1412491649389267,0.025882478803396225,0.15985234081745148,0.08029556274414062
6,0.3,0.2328607439994812,0.24774663150310516,0.18369607627391815,0.1204460933804512,0.07506301999092102,0.09854841232299805,0.1296643763780594,0.0,0.004800507333129644,0.025211729109287262,0.5283851623535156,0.17668363451957703,0.0,0.0,0.0,0.0,0.0,0.0,0.0,0.0,0.0,0.0,0.0,0.0,0.0,0.2311621904373169,0.14433275163173676,0.01917986012995243,0.1411525309085846,0.10750266909599304
6,0.2,0.16557571291923523,0.16675622761249542,0.3011223077774048,0.12227825075387955,0.2248350977897644,0.12940090894699097,0.28845030069351196,0.030121032148599625,0.0915139764547348,0.027413900941610336,0.5070528388023376,0.3005000948905945,0.0,0.0,0.0,0.0,0.0,0.0,0.0,0.0,0.0,0.0,0.0,0.0,0.0,0.31322458386421204,0.09097933769226074,0.0023172844666987658,0.08202096074819565,0.17645813524723053
6,0.1,0.19554883241653442,0.14604820311069489,0.1452721804380417,0.20135562121868134,0.19680796563625336,0.13719668984413147,0.22266535460948944,0.05643141269683838,0.1585719734430313,0.051921065896749496,0.6726028323173523,0.509087085723877,0.0,0.0,0.0,0.0,0.0,0.0,0.0,0.0,0.0,0.0,0.0,0.0,0.003035004483535886,0.11504680663347244,0.10360835492610931,0.032250482589006424,0.23630249500274658,0.24531656503677368
6,0.0,0.19419875741004944,0.18759194016456604,0.14085792005062103,0.1523646116256714,0.1761815994977951,0.10178635269403458,0.022958435118198395,0.1465071439743042,0.07766152918338776,0.04993656650185585,0.14547808468341827,0.26864856481552124,0.0,0.0,0.0,0.0,0.0,0.0,0.0,0.0,0.0,0.0,0.0,0.0,0.0,0.6580965518951416,0.3416816294193268,0.004793496336787939,0.14325648546218872,0.1848619431257248
7,1.0,0.1425076425075531,0.09465866535902023,0.07077493518590927,0.21511055529117584,0.2898131012916565,0.07391369342803955,0.05142344534397125,0.01135961338877678,0.29163721203804016,0.1560768187046051,0.16261981427669525,0.29031237959861755,0.0,0.0,0.0,0.0,0.0,0.0,0.0,0.0,0.0,0.0,0.0,0.0,0.0,0.26264673471450806,0.6182759404182434,0.10981512814760208,0.0985289216041565,0.37424853444099426
7,0.9,0.34275874495506287,0.15659520030021667,0.11834346503019333,0.16531316936016083,0.11989381164312363,0.11419099569320679,0.049896735697984695,0.07615183293819427,0.1418454349040985,0.22673967480659485,0.16551107168197632,0.19122500717639923,0.0,0.0,0.0,0.0,0.0,0.0,0.0,0.0,0.0,0.0,0.0,0.0,0.0,0.35375484824180603,0.09880747646093369,0.04207807406783104,0.12074588984251022,0.4228336811065674
7,0.8,0.20807501673698425,0.1675708293914795,0.17714598774909973,0.1448279768228531,0.28332000970840454,0.1627190262079239,0.05478585883975029,0.0,0.23656275868415833,0.10438453406095505,0.179034024477005,0.13424110412597656,0.0,0.0,0.0,0.0,0.0,0.0,0.0,0.0,0.0,0.0,0.0,0.0,0.0019899378530681133,0.17404331266880035,0.36967164278030396,0.012708242051303387,0.11866547912359238,0.16053201258182526
7,0.7,0.1572895050048828,0.09439851343631744,0.11805375665426254,0.22240403294563293,0.09348441660404205,0.15340395271778107,0.4076400399208069,0.0,0.3263501226902008,0.05506898835301399,0.16268779337406158,0.09809068590402603,0.0,0.0,0.0,0.0,0.0,0.0,0.0,0.0,0.0,0.0,0.0,0.0,0.0,0.18943649530410767,0.23299387097358704,0.010251092724502087,0.12688659131526947,0.30413392186164856
7,0.6,0.12060289829969406,0.10984805226325989,0.2646836042404175,0.18142156302928925,0.1656360626220703,0.12930434942245483,0.12711796164512634,0.0,0.20013152062892914,0.3068241775035858,0.16948693990707397,0.12403122335672379,0.0,0.0,0.0,0.0,0.0,0.0,0.0,0.0,0.0,0.0,0.0,0.0,0.0,0.14470691978931427,0.2395460307598114,0.009242546744644642,0.10968247056007385,0.13123513758182526
7,0.5,0.22850142419338226,0.15751628577709198,0.12439128756523132,0.11202654242515564,0.12691853940486908,0.2121400684118271,0.1451183408498764,0.0,0.2101932168006897,0.06439600139856339,0.11031030863523483,0.12350215017795563,0.0,0.0,0.0,0.0,0.0,0.0,0.0,0.0,0.0,0.0,0.0,0.0,0.0,0.30252987146377563,0.3149082660675049,0.015854811295866966,0.1331508755683899,0.08725165575742722
7,0.4,0.13685062527656555,0.09781618416309357,0.21623480319976807,0.12466820329427719,0.12875376641750336,0.14161376655101776,0.13435624539852142,0.0,0.1801045536994934,0.16741397976875305,0.2761327922344208,0.10991378128528595,0.0,0.0,0.0,0.0,0.0,0.0,0.0,0.0,0.0,0.0,0.0,0.0,0.0,0.2877669930458069,0.1411438286304474,0.023369522765278816,0.08213868737220764,0.06533841043710709
7,0.3,0.0914786159992218,0.21671062707901,0.18915946781635284,0.10539112240076065,0.1561632752418518,0.26086553931236267,0.05674847960472107,0.10804158449172974,0.0435117706656456,0.07733456045389175,0.5222215056419373,0.21896380186080933,0.0,0.0,0.0,0.0,0.0,0.0,0.0,0.0,0.0,0.0,0.0,0.0,0.0027169203385710716,0.12624818086624146,0.10228811949491501,0.02023959532380104,0.27247101068496704,0.14651626348495483
7,0.2,0.2233191281557083,0.14914663136005402,0.3093005418777466,0.12728291749954224,0.15366527438163757,0.14491455256938934,0.09102530777454376,0.0,0.020969897508621216,0.09381115436553955,0.670150101184845,0.23031291365623474,0.0,0.0,0.0,0.0,0.0,0.0,0.0,0.0,0.0,0.0,0.0,0.0,0.0,0.10284765809774399,0.10816211998462677,0.044545769691467285,0.14349579811096191,0.161575585603714
7,0.1,0.21477985382080078,0.19053861498832703,0.323934406042099,0.1300830990076065,0.18163363635540009,0.31208863854408264,0.0017701878678053617,0.19896182417869568,0.06147710606455803,0.012281863950192928,0.6174763441085815,0.38293394446372986,0.0,0.0,0.0,0.0,0.0,0.0,0.0,0.0,0.0,0.0,0.0,0.0,0.0,0.20468702912330627,0.19111675024032593,0.011621611192822456,0.08022464066743851,0.09947405755519867
7,0.0,0.15085811913013458,0.09871593117713928,0.14835047721862793,0.13060082495212555,0.10363531857728958,0.14900480210781097,0.18250390887260437,0.041314929723739624,0.10823553055524826,0.017617758363485336,0.2626841962337494,0.5513198375701904,0.0,0.0,0.0,0.0,0.0,0.0,0.0,0.0,0.0,0.0,0.0,0.0,0.0,0.49260827898979187,0.14063327014446259,0.03681071475148201,0.17003673315048218,0.5659809708595276
8,1.0,0.1391952782869339,0.11482293903827667,0.12931273877620697,0.16830630600452423,0.29862427711486816,0.20814462006092072,0.01826826110482216,0.015667740255594254,0.2873777151107788,0.2072744220495224,0.38285794854164124,0.12073155492544174,0.0,0.0,0.0,0.0,0.0,0.0,0.0,0.0,0.0,0.0,0.0,0.0,0.11623795330524445,0.3160219192504883,0.6629896759986877,0.02640535496175289,0.10865413397550583,0.3829425871372223
8,0.9,0.1071283295750618,0.1385047882795334,0.09858445078134537,0.15720070898532867,0.1678561270236969,0.16967135667800903,0.14063780009746552,0.007078976836055517,0.19481801986694336,0.2762944996356964,0.18992286920547485,0.20331400632858276,0.0,0.0,0.0,0.0,0.0,0.0,0.0,0.0,0.0,0.0,0.0,0.0,0.0,0.5366923213005066,0.18754592537879944,0.019975200295448303,0.19050337374210358,0.1518489569425583
8,0.8,0.30844932794570923,0.16176684200763702,0.14416655898094177,0.2046503871679306,0.14324969053268433,0.0956590324640274,0.13888265192508698,0.0015570383984595537,0.13833238184452057,0.28020188212394714,0.22162175178527832,0.1716204434633255,0.0,0.0,0.0,0.0,0.0,0.0,0.0,0.0,0.0,0.0,0.0,0.0,0.0,0.3653881847858429,0.12351978570222855,0.031742483377456665,0.18451285362243652,0.12950009107589722
8,0.7,0.2758781909942627,0.12769511342048645,0.13733059167861938,0.13837137818336487,0.10308659821748734,0.16682060062885284,0.12326113134622574,0.0,0.12876327335834503,0.20417748391628265,0.2033025473356247,0.13402888178825378,0.0,0.0,0.0,0.0,0.0,0.0,0.0,0.0,0.0,0.0,0.0,0.0,0.0016632365295663476,0.15315112471580505,0.07440891116857529,0.018994931131601334,0.20627695322036743,0.39318180084228516
8,0.6,0.3817077875137329,0.24157921969890594,0.10178937017917633,0.10952036082744598,0.14655353128910065,0.22782215476036072,0.22792014479637146,0.0,0.10591065138578415,0.18256959319114685,0.10455387830734253,0.12457151710987091,0.0,0.0,0.0,0.0,0.0,0.0,0.0,0.0,0.0,0.0,0.0,0.0,0.002465340541675687,0.12539438903331757,0.25994592905044556,0.004499101545661688,0.1649354249238968,0.04105929285287857
8,0.5,0.1755226105451584,0.18245241045951843,0.18031400442123413,0.1582825928926468,0.2129121720790863,0.09368163347244263,0.14992310106754303,0.0,0.21243980526924133,0.1288178712129593,0.12003111839294434,0.11534404754638672,0.0,0.0,0.0,0.0,0.0,0.0,0.0,0.0,0.0,0.0,0.0,0.0,0.0,0.20563186705112457,0.23774538934230804,0.0,0.17650505900382996,0.08603298664093018
8,0.4,0.18634279072284698,0.09894170612096786,0.17166857421398163,0.21713855862617493,0.1850595772266388,0.21636785566806793,0.04764813929796219,0.0,0.20777276158332825,0.06986616551876068,0.5141030550003052,0.13805285096168518,0.0,0.0,0.0,0.0,0.0,0.0,0.0,0.0,0.0,0.0,0.0,0.0,0.00775477010756731,0.20543739199638367,0.11104562133550644,0.02148934081196785,0.21157105267047882,0.10553938150405884
8,0.3,0.1936703771352768,0.12875130772590637,0.1937173306941986,0.14798064529895782,0.1561678647994995,0.26061320304870605,0.003235256765037775,0.0,0.018684234470129013,0.4996539354324341,0.2371775507926941,0.19252431392669678,0.0,0.0,0.0,0.0,0.0,0.0,0.0,0.0,0.0,0.0,0.0,0.0,0.0008350784191861749,0.11506231874227524,0.06496748328208923,0.0,0.21782082319259644,0.18947657942771912
8,0.2,0.1438698023557663,0.12977702915668488,0.24942456185817719,0.1382349729537964,0.19140061736106873,0.14631287753582,0.041704509407281876,0.06950302422046661,0.6009682416915894,0.024485740810632706,0.4763258099555969,0.15425053238868713,0.0,0.0,0.0,0.0,0.0,0.0,0.0,0.0,0.0,0.0,0.0,0.0,0.004972857888787985,0.12381722778081894,0.06450771540403366,0.00980602391064167,0.19821391999721527,0.24217218160629272
8,0.1,0.31542158126831055,0.18097612261772156,0.3555013835430145,0.14973263442516327,0.15371397137641907,0.14466404914855957,0.07201950997114182,0.287320613861084,0.053852856159210205,0.032877035439014435,0.632181704044342,0.11933553218841553,0.0,0.0,0.0,0.0,0.0,0.0,0.0,0.0,0.0,0.0,0.0,0.0,0.0,0.5149819254875183,0.09566695243120193,0.006331352517008781,0.1689610332250595,0.07926040142774582
8,0.0,0.24103648960590363,0.1720844805240631,0.1398676484823227,0.14895124733448029,0.14865009486675262,0.1818806529045105,0.06653273105621338,0.21722440421581268,0.19311213493347168,0.011040126904845238,0.6799895167350769,0.43419772386550903,0.0,0.0,0.0,0.0,0.0,0.0,0.0,0.0,0.0,0.0,0.0,0.0,0.0028879395686089993,0.09187312424182892,0.093719981610775,0.0058334642089903355,0.3197307884693146,0.17877385020256042
9,1.0,0.09977885335683823,0.17754030227661133,0.3906060457229614,0.14242437481880188,0.14618472754955292,0.1119236946105957,0.2928859293460846,0.002360378159210086,0.2365189641714096,0.12617087364196777,0.1484997421503067,0.2070065438747406,0.0,0.0,0.0,0.0,0.0,0.0,0.0,0.0,0.0,0.0,0.0,0.0,0.0,0.28238290548324585,0.3246423602104187,0.024351967498660088,0.1655729115009308,0.37568220496177673
9,0.9,0.09274247288703918,0.2243373543024063,0.1441826969385147,0.19401447474956512,0.1729530543088913,0.1447218507528305,0.006829052232205868,0.05129227787256241,1.0447967052459717,0.023347264155745506,0.1311160922050476,0.26350441575050354,0.0,0.0,0.0,0.0,0.0,0.0,0.0,0.0,0.0,0.0,0.0,0.0,0.0167978648096323,0.23695135116577148,0.1573972851037979,0.004178028088063002,0.15066879987716675,0.235707625746727
9,0.8,0.11826468259096146,0.15160666406154633,0.1394691914319992,0.22121061384677887,0.11428377777338028,0.1614169478416443,0.3018563687801361,0.0,0.26304715871810913,0.014757392928004265,0.2065923810005188,0.0956793874502182,0.0,0.0,0.0,0.0,0.0,0.0,0.0,0.0,0.0,0.0,0.0,0.0,0.0,0.4098736643791199,0.2944994270801544,0.025614606216549873,0.14401213824748993,0.0844680666923523
9,0.7,0.19580918550491333,0.1489017903804779,0.12578332424163818,0.1100877970457077,0.12010040134191513,0.19577766954898834,0.1520974487066269,0.0,0.17471341788768768,0.1118384450674057,0.31618067622184753,0.1337764412164688,0.0,0.0,0.0,0.0,0.0,0.0,0.0,0.0,0.0,0.0,0.0,0.0,0.0,0.2086254358291626,0.3155193626880646,0.04408543184399605,0.22555983066558838,0.2686997354030609
9,0.6,0.36257123947143555,0.15356871485710144,0.15251624584197998,0.09711205959320068,0.20332083106040955,0.1462201327085495,0.24891072511672974,0.0,0.16538779437541962,0.10377304255962372,0.18300095200538635,0.14482222497463226,0.0,0.0,0.0,0.0,0.0,0.0,0.0,0.0,0.0,0.0,0.0,0.0,0.0,0.08528021723031998,0.16429929435253143,0.023645654320716858,0.15857192873954773,0.11834094673395157
9,0.5,0.16417908668518066,0.13201195001602173,0.2506064176559448,0.09763674437999725,0.12315195053815842,0.16678282618522644,0.09096075594425201,0.0,0.4334377348423004,0.027667708694934845,0.2108260542154312,0.1474057137966156,0.0,0.0,0.0,0.0,0.0,0.0,0.0,0.0,0.0,0.0,0.0,0.0,0.0,0.35835400223731995,0.1537652313709259,0.013506735675036907,0.09347791969776154,0.2600500285625458
9,0.4,0.14491800963878632,0.12605372071266174,0.7346354126930237,0.11190994083881378,0.24863725900650024,0.1930210143327713,0.007874912582337856,0.0,0.1391562521457672,0.0807240828871727,0.49322471022605896,0.14063198864459991,0.0,0.0,0.0,0.0,0.0,0.0,0.0,0.0,0.0,0.0,0.0,0.0,0.0,0.12432589381933212,0.08065319806337357,0.0015681263757869601,0.12369538843631744,0.11867159605026245
9,0.3,0.12058312445878983,0.1685861051082611,0.1695418506860733,0.13511019945144653,0.19489839673042297,0.1338878720998764,0.03931913524866104,0.0,0.12511055171489716,0.013499874621629715,0.2744809687137604,0.4236129820346832,0.0,0.0,0.0,0.0,0.0,0.0,0.0,0.0,0.0,0.0,0.0,0.0,0.0,0.1976754516363144,0.11952024698257446,0.002471859334036708,0.23015713691711426,0.09205078333616257
9,0.2,0.15602174401283264,0.1461571902036667,0.1553182303905487,0.15980304777622223,0.15100210905075073,0.1937059760093689,0.07321825623512268,0.0036123974714428186,0.08869573473930359,0.06400992721319199,0.423541784286499,0.2080366611480713,0.0,0.0,0.0,0.0,0.0,0.0,0.0,0.0,0.0,0.0,0.0,0.0,0.003730264026671648,0.18169614672660828,0.17443224787712097,0.002554679522290826,0.15640856325626373,0.18079189956188202
9,0.1,0.25672534108161926,0.1678057312965393,0.1586933732032776,0.16805972158908844,0.15970993041992188,0.12781476974487305,0.14283008873462677,0.016726067289710045,0.1448429673910141,0.06988541036844254,0.13692137598991394,0.9023378491401672,0.0,0.0,0.0,0.0,0.0,0.0,0.0,0.0,0.0,0.0,0.0,0.0,0.0,0.30120816826820374,0.2696631848812103,0.004690599162131548,0.13363021612167358,0.17648570239543915
9,0.0,0.13679569959640503,0.14243055880069733,0.19407135248184204,0.15330089628696442,0.14644064009189606,0.11199408769607544,0.11619917303323746,0.09831756353378296,0.039798129349946976,0.12179803848266602,0.5198591947555542,0.508324921131134,0.0,0.0,0.0,0.0,0.0,0.0,0.0,0.0,0.0,0.0,0.0,0.0,0.0,0.501919686794281,0.19320319592952728,0.05549364909529686,0.11879068613052368,0.2107621431350708
10,1.0,0.1695217490196228,0.13777601718902588,0.2175949215888977,0.10126308351755142,0.15991301834583282,0.1818069964647293,0.07845692336559296,0.009614373557269573,0.3406534194946289,0.1542443335056305,0.18312588334083557,0.24057942628860474,0.0,0.0,0.0,0.0,0.0,0.0,0.0,0.0,0.0,0.0,0.0,0.0,0.0,0.7370262742042542,0.11366870999336243,0.038009680807590485,0.12552864849567413,0.4465310871601105
10,0.9,0.10789859294891357,0.16977375745773315,0.2218775898218155,0.1596444845199585,0.14093732833862305,0.15129265189170837,0.01665251888334751,0.02174784615635872,0.529990553855896,0.04738733917474747,0.18736521899700165,0.32640495896339417,0.0,0.0,0.0,0.0,0.0,0.0,0.0,0.0,0.0,0.0,0.0,0.0,0.0026035159826278687,0.2458876371383667,0.3166296184062958,0.021929852664470673,0.22307896614074707,0.29396653175354004
10,0.8,0.11570844054222107,0.14039568603038788,0.13569360971450806,0.14965127408504486,0.12635189294815063,0.18996518850326538,0.18420960009098053,0.0,0.29016828536987305,0.1333499550819397,0.2607521116733551,0.15159623324871063,0.0,0.0,0.0,0.0,0.0,0.0,0.0,0.0,0.0,0.0,0.0,0.0,0.0316891223192215,0.2265915423631668,0.18924561142921448,0.06827934086322784,0.3291245996952057,0.12488982081413269
10,0.7,0.18014352023601532,0.15065911412239075,0.20789411664009094,0.11923162639141083,0.1840907633304596,0.32021164894104004,0.021626492962241173,0.0,0.06553896516561508,0.0516960471868515,0.31762126088142395,0.12739117443561554,0.0,0.0,0.0,0.0,0.0,0.0,0.0,0.0,0.0,0.0,0.0,0.0,0.0,0.0908064991235733,0.1620139330625534,0.019814105704426765,0.11690555512905121,0.28919410705566406
10,0.6,0.10198616981506348,0.10815052688121796,0.1607595831155777,0.17023897171020508,0.1617082804441452,0.13076265156269073,0.04750123620033264,0.0,0.20028240978717804,0.03402278944849968,0.17789964377880096,0.17396646738052368,0.0,0.0,0.0,0.0,0.0,0.0,0.0,0.0,0.0,0.0,0.0,0.0,0.0029458035714924335,0.11773385107517242,0.16268393397331238,0.01423068530857563,0.19024203717708588,0.4259442985057831
10,0.5,0.10460875183343887,0.12705683708190918,0.14771027863025665,0.1644969880580902,0.2570854127407074,0.12268884479999542,0.060589876025915146,0.0,0.2541976869106293,0.1285877674818039,0.1786060780286789,0.09721902757883072,0.0,0.0,0.0,0.0,0.0,0.0,0.0,0.0,0.0,0.0,0.0,0.0,0.0,0.1245121881365776,0.17375867068767548,0.005738781299442053,0.20098796486854553,0.1192760020494461
10,0.4,0.12624867260456085,0.08750557154417038,0.3573439419269562,0.15780912339687347,0.16273002326488495,0.126446932554245,0.038851458579301834,0.0,0.3091293275356293,0.029552036896348,0.36053672432899475,0.09358805418014526,0.0,0.0,0.0,0.0,0.0,0.0,0.0,0.0,0.0,0.0,0.0,0.0,0.0016830519307404757,0.16371095180511475,0.09707974642515182,0.004832950420677662,0.15004760026931763,0.23076128959655762
10,0.3,0.17036175727844238,0.19660262763500214,0.316585510969162,0.1167009100317955,0.25980567932128906,0.1525985598564148,0.11235473304986954,0.0,0.018811075016856194,0.014551539905369282,0.6759294867515564,0.1791749894618988,0.0,0.0,0.0,0.0,0.0,0.0,0.0,0.0,0.0,0.0,0.0,0.0,0.0,0.12466040998697281,0.13144080340862274,0.005152379162609577,0.19674566388130188,0.2036253809928894
10,0.2,0.15428806841373444,0.11228066682815552,0.1510569453239441,0.17896969616413116,0.16433948278427124,0.17379000782966614,0.01192613784223795,0.02503885328769684,0.2347683161497116,0.03518914431333542,0.42092636227607727,0.4998340904712677,0.0,0.0,0.0,0.0,0.0,0.0,0.0,0.0,0.0,0.0,0.0,0.0,0.0,0.1387193650007248,0.06934452801942825,0.002697297604754567,0.18172426521778107,0.12331996113061905
10,0.1,0.1921711266040802,0.2411423623561859,0.20235295593738556,0.121914342045784,0.1452595293521881,0.11731753498315811,0.07470609992742538,0.038872282952070236,0.14283154904842377,0.014871058985590935,0.30209824442863464,0.8491742610931396,0.0,0.0,0.0,0.0,0.0,0.0,0.0,0.0,0.0,0.0,0.0,0.0,0.0,0.16324001550674438,0.10136779397726059,0.0070546469651162624,0.10280366241931915,0.14549632370471954
10,0.0,0.16418515145778656,0.11722689867019653,0.2133447527885437,0.15536490082740784,0.14955313503742218,0.13714581727981567,0.11502738296985626,0.04815176501870155,0.47509559988975525,0.05336018651723862,0.5727609992027283,0.3818477988243103,0.0,0.0,0.0,0.0,0.0,0.0,0.0,0.0,0.0,0.0,0.0,0.0,0.0,0.6930944323539734,0.06794469058513641,0.008720837533473969,0.18979047238826752,0.11663921177387238
