G_name,Ratio_SBM,Iter,Experiment,AP_train,AUC-ROC_train,AP_eval,AUC-ROC_eval,Top_Feature,Top_Importance
artificial_graph_sbmv_4_1_00_pos_0_00_1,1.0,1,Max théorique (GT_proba),0.4321201435198633,0.9100615530303031,0.19911478266879987,0.9114921346557364,GT_proba,1.0
artificial_graph_sbmv_4_1_00_pos_0_00_1,1.0,1,Topologiques,0.34496609353966323,0.8369673295454546,0.13779427007246214,0.845158545009058,jc,0.4128299
artificial_graph_sbmv_4_1_00_pos_0_00_1,1.0,1,Communautés,0.3820209642928876,0.894921875,0.07309674667264593,0.8186242489801769,leiden_density,0.37214333
artificial_graph_sbmv_4_1_00_pos_0_00_1,1.0,1,Embeddings,0.31191577763816003,0.8311316287878787,0.11311672364791558,0.7685278056536642,deepwalk_cos,0.20870513
artificial_graph_sbmv_4_0_90_pos_0_10_1,0.9,1,Max théorique (GT_proba),0.34687487049724297,0.8752462568951931,0.1105782124594138,0.849212292860936,GT_proba,1.0
artificial_graph_sbmv_4_0_90_pos_0_10_1,0.9,1,Topologiques,0.18930045984434735,0.7280954491725767,0.062315633231550496,0.7458400620906579,aa,0.23946089
artificial_graph_sbmv_4_0_90_pos_0_10_1,0.9,1,Communautés,0.2489087120282863,0.8250467888100868,0.06783736585803037,0.7592622649473727,significance_density,0.32354155
artificial_graph_sbmv_4_0_90_pos_0_10_1,0.9,1,Embeddings,0.18995809842696137,0.7350768321513002,0.0875128676000154,0.7706947073160768,n2v_homophily_cos,0.2892444
artificial_graph_sbmv_4_0_80_pos_0_20_1,0.8,1,Max théorique (GT_proba),0.356694870121376,0.8720968885737079,0.11021838219078484,0.8422307214954219,GT_proba,1.0
artificial_graph_sbmv_4_0_80_pos_0_20_1,0.8,1,Topologiques,0.21560850594542819,0.7568921194929528,0.05681013290402297,0.6697788781803675,aa,0.28478098
artificial_graph_sbmv_4_0_80_pos_0_20_1,0.8,1,Communautés,0.2501392766960838,0.7859121531779097,0.04052698793501952,0.6601010625498664,leiden_density,0.22076373
artificial_graph_sbmv_4_0_80_pos_0_20_1,0.8,1,Embeddings,0.1894583691249793,0.7560721567236947,0.05795148678623582,0.7141555958004585,deepwalk_dist,0.21527198
artificial_graph_sbmv_4_0_70_pos_0_30_1,0.7,1,Max théorique (GT_proba),0.25674799693103495,0.7969981284475964,0.0926236624015754,0.8043276916163995,GT_proba,1.0
artificial_graph_sbmv_4_0_70_pos_0_30_1,0.7,1,Topologiques,0.12819033788840062,0.5829762608353033,0.05023702962572027,0.6598690104982231,ra,0.263764
artificial_graph_sbmv_4_0_70_pos_0_30_1,0.7,1,Communautés,0.15163925883246465,0.6963159968479118,0.038703937333513086,0.6849253141977913,surprise_density,0.2863049
artificial_graph_sbmv_4_0_70_pos_0_30_1,0.7,1,Embeddings,0.1665674296611611,0.679718282111899,0.038137021743966236,0.5640729292901785,crosswalk_dist,0.20484018
artificial_graph_sbmv_4_0_60_pos_0_40_1,0.6,1,Max théorique (GT_proba),0.22399796439558922,0.8236901030004479,0.07095595998294409,0.8227721894631363,GT_proba,1.0
artificial_graph_sbmv_4_0_60_pos_0_40_1,0.6,1,Topologiques,0.07495993935910572,0.5038289296909987,0.038444612383651634,0.6530215439164451,cn,0.638352
artificial_graph_sbmv_4_0_60_pos_0_40_1,0.6,1,Communautés,0.13908399337484476,0.6806314375279892,0.030773773509619035,0.5942923395125962,sbm_density,0.27550834
artificial_graph_sbmv_4_0_60_pos_0_40_1,0.6,1,Embeddings,0.10336072897201107,0.6089117778772952,0.02764407510949672,0.4941163397181434,n2v_homophily_cos,0.18073426
artificial_graph_sbmv_4_0_50_pos_0_50_1,0.5,1,Max théorique (GT_proba),0.1822957055604058,0.7549465240641711,0.08485194180299671,0.821519587151591,GT_proba,1.0
artificial_graph_sbmv_4_0_50_pos_0_50_1,0.5,1,Topologiques,0.09466579075700539,0.58441905687895,0.04159173748544821,0.6248730273280593,aa,0.23747945
artificial_graph_sbmv_4_0_50_pos_0_50_1,0.5,1,Communautés,0.08512753739933028,0.5706976178901313,0.028929165123054268,0.5850701923993411,sbm_density,0.28470463
artificial_graph_sbmv_4_0_50_pos_0_50_1,0.5,1,Embeddings,0.13240979161186703,0.6139766650461838,0.03864378726013655,0.6625333260712681,n2v_homophily_cos,0.17806348
artificial_graph_sbmv_4_0_40_pos_0_60_1,0.3999999999999999,1,Max théorique (GT_proba),0.25100510684069627,0.8446925041752628,0.06814295112230487,0.8037885218425606,GT_proba,1.0
artificial_graph_sbmv_4_0_40_pos_0_60_1,0.3999999999999999,1,Topologiques,0.1308754519800917,0.6052411828273897,0.0359008911272689,0.6423463181228373,aa,0.2553072
artificial_graph_sbmv_4_0_40_pos_0_60_1,0.3999999999999999,1,Communautés,0.1458063168083277,0.7201591511936339,0.03215760753348411,0.607688419117647,sbm_density,0.2622725
artificial_graph_sbmv_4_0_40_pos_0_60_1,0.3999999999999999,1,Embeddings,0.10079286665200063,0.6165635131152373,0.031191365152966076,0.6063727292387543,crosswalk_cos,0.21017423
artificial_graph_sbmv_4_0_30_pos_0_70_1,0.29999999999999993,1,Max théorique (GT_proba),0.3751511265734496,0.8662337662337662,0.08305354114670951,0.8234760105584598,GT_proba,1.0
artificial_graph_sbmv_4_0_30_pos_0_70_1,0.29999999999999993,1,Topologiques,0.18167069167256697,0.7023175100761307,0.0412227982000762,0.6899389265565965,jc,0.32916924
artificial_graph_sbmv_4_0_30_pos_0_70_1,0.29999999999999993,1,Communautés,0.22719774763468295,0.7825123152709359,0.056827389668595595,0.7065587961285649,sbm_density,0.64570034
artificial_graph_sbmv_4_0_30_pos_0_70_1,0.29999999999999993,1,Embeddings,0.20816079764605278,0.736845051500224,0.03903169974427267,0.6707565602194503,crosswalk_cos,0.18649602
artificial_graph_sbmv_4_0_20_pos_0_80_1,0.19999999999999996,1,Max théorique (GT_proba),0.390285670830557,0.8760733269728772,0.11139808952642413,0.8503110082644628,GT_proba,1.0
artificial_graph_sbmv_4_0_20_pos_0_80_1,0.19999999999999996,1,Topologiques,0.19877660976742254,0.766605333696788,0.04889774904501239,0.7052456198347108,jc,0.29540348
artificial_graph_sbmv_4_0_20_pos_0_80_1,0.19999999999999996,1,Communautés,0.31558269281569273,0.8254736268229521,0.07453462732338477,0.7847053223140495,surprise_density,0.52448195
artificial_graph_sbmv_4_0_20_pos_0_80_1,0.19999999999999996,1,Embeddings,0.21199536100379074,0.761732769978647,0.06062147039708528,0.7050184462809918,deepwalk_cos,0.21230158
artificial_graph_sbmv_4_0_10_pos_0_90_1,0.09999999999999998,1,Max théorique (GT_proba),0.30471340589836443,0.8395915678524373,0.10670056765154579,0.8683428760330578,GT_proba,1.0
artificial_graph_sbmv_4_0_10_pos_0_90_1,0.09999999999999998,1,Topologiques,0.21993814103225487,0.7436622597792013,0.07544290093393179,0.8018853553719008,aa,0.33308455
artificial_graph_sbmv_4_0_10_pos_0_90_1,0.09999999999999998,1,Communautés,0.23321782817306805,0.8158875107900595,0.0841415192199941,0.8265060495867769,surprise_density,0.4603065
artificial_graph_sbmv_4_0_10_pos_0_90_1,0.09999999999999998,1,Embeddings,0.2301133217047237,0.7618690654672664,0.024302933463930584,0.6047194710743802,deepwalk_cos,0.27871877
artificial_graph_sbmv_4_0_00_pos_1_00_1,0.0,1,Max théorique (GT_proba),0.4978097494395065,0.9182886304296226,0.16445902924661265,0.8959844307918505,GT_proba,1.0
artificial_graph_sbmv_4_0_00_pos_1_00_1,0.0,1,Topologiques,0.28536925733377294,0.8718490386897697,0.08803900391678288,0.8127017695862214,jc,0.44478232
artificial_graph_sbmv_4_0_00_pos_1_00_1,0.0,1,Communautés,0.3098336198544859,0.8816876335153098,0.08713598450682145,0.8547476895610165,leiden_density,0.3376254
artificial_graph_sbmv_4_0_00_pos_1_00_1,0.0,1,Embeddings,0.34566612225391047,0.8507120816520296,0.07952401576672449,0.8207279195547154,crosswalk_cos,0.22092499
artificial_graph_sbmv_4_1_00_pos_0_00_2,1.0,2,Max théorique (GT_proba),0.4052697229681177,0.8808323111171688,0.27923822575825025,0.9215173553719007,GT_proba,1.0
artificial_graph_sbmv_4_1_00_pos_0_00_2,1.0,2,Topologiques,0.25167829475228914,0.8161487438099132,0.08728718987750853,0.8490127603305786,jc,0.3180307
artificial_graph_sbmv_4_1_00_pos_0_00_2,1.0,2,Communautés,0.3178724342878739,0.8198627958747899,0.13684590114380768,0.8125400330578512,significance_density,0.2887938
artificial_graph_sbmv_4_1_00_pos_0_00_2,1.0,2,Embeddings,0.31955914488362414,0.8275407750670121,0.09917313330852709,0.8050676363636364,n2v_homophily_dist,0.30309758
artificial_graph_sbmv_4_0_90_pos_0_10_2,0.9,2,Max théorique (GT_proba),0.3840637533292048,0.8768676658533752,0.17285757320297945,0.8721853238336754,GT_proba,1.0
artificial_graph_sbmv_4_0_90_pos_0_10_2,0.9,2,Topologiques,0.2195331600706299,0.7695015684907632,0.06086078163423,0.7513537012438112,aa,0.2526014
artificial_graph_sbmv_4_0_90_pos_0_10_2,0.9,2,Communautés,0.2646905062723357,0.7959800162658301,0.08543574336822299,0.7076511156730937,sbm_density,0.31750104
artificial_graph_sbmv_4_0_90_pos_0_10_2,0.9,2,Embeddings,0.21066238569221174,0.7602649006622517,0.057614718989246874,0.7150383072361094,deepwalk_dist,0.20254907
artificial_graph_sbmv_4_0_80_pos_0_20_2,0.8,2,Max théorique (GT_proba),0.2586045947631923,0.8308459406660306,0.12632315792718982,0.8643227768595041,GT_proba,1.0
artificial_graph_sbmv_4_0_80_pos_0_20_2,0.8,2,Topologiques,0.1757755758670887,0.6660987687974195,0.048015136095006156,0.6993399008264463,jc,0.3151216
artificial_graph_sbmv_4_0_80_pos_0_20_2,0.8,2,Communautés,0.20554387952269382,0.7802575984734905,0.049535920501687966,0.7444819834710745,surprise_density,0.24258813
artificial_graph_sbmv_4_0_80_pos_0_20_2,0.8,2,Embeddings,0.166205557221508,0.7175048839216756,0.05887204847097262,0.7437823471074381,crosswalk_cos,0.23839028
artificial_graph_sbmv_4_0_70_pos_0_30_2,0.7,2,Max théorique (GT_proba),0.2745422175949586,0.84377444589309,0.084275128915953,0.819323600422514,GT_proba,1.0
artificial_graph_sbmv_4_0_70_pos_0_30_2,0.7,2,Topologiques,0.13074493152329125,0.6349087353324642,0.04687953094699672,0.6434672551682511,jc,0.29985428
artificial_graph_sbmv_4_0_70_pos_0_30_2,0.7,2,Communautés,0.1370976745122643,0.6487288135593221,0.036433971335723264,0.671406493637141,surprise_density,0.26723853
artificial_graph_sbmv_4_0_70_pos_0_30_2,0.7,2,Embeddings,0.14413772272901557,0.6692307692307693,0.0366911162977924,0.6576751672451084,deepwalk_cos,0.21084878
artificial_graph_sbmv_4_0_60_pos_0_40_2,0.6,2,Max théorique (GT_proba),0.225072592510036,0.8268229166666667,0.0899044142534242,0.8232924969698548,GT_proba,1.0
artificial_graph_sbmv_4_0_60_pos_0_40_2,0.6,2,Topologiques,0.15253361385009145,0.6823982007575757,0.0378378417759603,0.6523220685790249,aa,0.23607217
artificial_graph_sbmv_4_0_60_pos_0_40_2,0.6,2,Communautés,0.12655130157935926,0.6635535037878788,0.045023187231766904,0.6495600099049903,leiden_density,0.28862104
artificial_graph_sbmv_4_0_60_pos_0_40_2,0.6,2,Embeddings,0.12523331939115256,0.6501893939393939,0.02043817963529006,0.525667870036101,deepwalk_cos,0.22180828
artificial_graph_sbmv_4_0_50_pos_0_50_2,0.5,2,Max théorique (GT_proba),0.1799554172643127,0.8001453818545273,0.06995947181679286,0.8079990743801653,GT_proba,1.0
artificial_graph_sbmv_4_0_50_pos_0_50_2,0.5,2,Topologiques,0.1595979513868772,0.5722025350960884,0.03279432878559681,0.599331173553719,aa,0.27635843
artificial_graph_sbmv_4_0_50_pos_0_50_2,0.5,2,Communautés,0.17275992467684814,0.6621348416700741,0.030398648593122808,0.5842893223140496,leiden_density,0.38120487
artificial_graph_sbmv_4_0_50_pos_0_50_2,0.5,2,Embeddings,0.09232542458218906,0.5590159465721685,0.03483828405227764,0.6443800330578512,crosswalk_cos,0.23072957
artificial_graph_sbmv_4_0_40_pos_0_60_2,0.3999999999999999,2,Max théorique (GT_proba),0.1997742227277983,0.7950156849076333,0.08809975214988525,0.8210346848526826,GT_proba,1.0
artificial_graph_sbmv_4_0_40_pos_0_60_2,0.3999999999999999,2,Topologiques,0.10876419933632822,0.6029046125246892,0.03342716587276486,0.6379771165219245,jc,0.2563916
artificial_graph_sbmv_4_0_40_pos_0_60_2,0.3999999999999999,2,Communautés,0.1442699085162619,0.7021494132682701,0.05149297272967719,0.6963206617294475,surprise_density,0.37744847
artificial_graph_sbmv_4_0_40_pos_0_60_2,0.3999999999999999,2,Embeddings,0.12787477291213845,0.6559079818752178,0.03454135947380901,0.6378327295007725,deepwalk_cos,0.20754814
artificial_graph_sbmv_4_0_30_pos_0_70_2,0.29999999999999993,2,Max théorique (GT_proba),0.22901827282624654,0.7954343971631206,0.09089527211108925,0.8255387651384084,GT_proba,1.0
artificial_graph_sbmv_4_0_30_pos_0_70_2,0.29999999999999993,2,Topologiques,0.21751200103315874,0.7239090819542947,0.041247208032259515,0.6812998756487889,jc,0.24265447
artificial_graph_sbmv_4_0_30_pos_0_70_2,0.29999999999999993,2,Communautés,0.1761041834002963,0.742402974783294,0.0429741967610497,0.6605870188148788,surprise_density,0.25827757
artificial_graph_sbmv_4_0_30_pos_0_70_2,0.29999999999999993,2,Embeddings,0.15322871271279923,0.6599192277383766,0.03204072202509366,0.6124234969723183,n2v_homophily_cos,0.22960888
artificial_graph_sbmv_4_0_20_pos_0_80_2,0.19999999999999996,2,Max théorique (GT_proba),0.3089833722289362,0.8551000734484026,0.11262912342980455,0.850693380276339,GT_proba,1.0
artificial_graph_sbmv_4_0_20_pos_0_80_2,0.19999999999999996,2,Topologiques,0.19559816601020108,0.7202189680499449,0.05671662844787737,0.7459729486708628,jc,0.30780342
artificial_graph_sbmv_4_0_20_pos_0_80_2,0.19999999999999996,2,Communautés,0.20326651619112512,0.8018958868894601,0.0706742075718961,0.7732527450260255,surprise_density,0.42617944
artificial_graph_sbmv_4_0_20_pos_0_80_2,0.19999999999999996,2,Embeddings,0.14319652107996395,0.7181417554168198,0.056140371585994164,0.678685426982941,n2v_homophily_cos,0.27854648
artificial_graph_sbmv_4_0_10_pos_0_90_2,0.09999999999999998,2,Max théorique (GT_proba),0.31284091749763465,0.8765081276339554,0.13675308698683897,0.8706423010380623,GT_proba,1.0
artificial_graph_sbmv_4_0_10_pos_0_90_2,0.09999999999999998,2,Topologiques,0.17689759482065645,0.7222155328115593,0.06323647934964091,0.744585991565744,jc,0.4267053
artificial_graph_sbmv_4_0_10_pos_0_90_2,0.09999999999999998,2,Communautés,0.2534473973475661,0.7847922937989164,0.06018046319152694,0.7739828881920414,surprise_density,0.5131
artificial_graph_sbmv_4_0_10_pos_0_90_2,0.09999999999999998,2,Embeddings,0.21903130083415512,0.7553521974714027,0.06048707049864541,0.7543927065311418,crosswalk_cos,0.27954876
artificial_graph_sbmv_4_0_00_pos_1_00_2,0.0,2,Max théorique (GT_proba),0.39894909804370926,0.908477579392122,0.17180340772425617,0.9172907107438016,GT_proba,1.0
artificial_graph_sbmv_4_0_00_pos_1_00_2,0.0,2,Topologiques,0.3351875028760023,0.8520853209758756,0.09981834077208288,0.8539006942148761,jc,0.40571684
artificial_graph_sbmv_4_0_00_pos_1_00_2,0.0,2,Communautés,0.29159784414390233,0.8724274226523103,0.11615875375592938,0.872365090909091,infomap_density,0.58304113
artificial_graph_sbmv_4_0_00_pos_1_00_2,0.0,2,Embeddings,0.29565424358186937,0.8019626550361183,0.06496854057166826,0.8149080330578512,n2v_homophily_cos,0.23508547
artificial_graph_sbmv_4_1_00_pos_0_00_3,1.0,3,Max théorique (GT_proba),0.4441367462393721,0.8969719685611739,0.1909615449887546,0.9182479338842975,GT_proba,1.0
artificial_graph_sbmv_4_1_00_pos_0_00_3,1.0,3,Topologiques,0.39232246601054666,0.8473944845758938,0.0868835652517292,0.8203496198347109,ra,0.31569827
artificial_graph_sbmv_4_1_00_pos_0_00_3,1.0,3,Communautés,0.36950486174807096,0.8601381127618009,0.13343266828402775,0.8444363636363635,infomap_density,0.41593534
artificial_graph_sbmv_4_1_00_pos_0_00_3,1.0,3,Embeddings,0.3088939354621507,0.8257462178001909,0.04821826443283158,0.6140060826446281,n2v_homophily_cos,0.27925932
artificial_graph_sbmv_4_0_90_pos_0_10_3,0.9,3,Max théorique (GT_proba),0.33916799831436895,0.8642163825757575,0.16441904145778352,0.8879896779574868,GT_proba,1.0
artificial_graph_sbmv_4_0_90_pos_0_10_3,0.9,3,Topologiques,0.30905386601046697,0.7684777462121212,0.05867861488035567,0.7659272243871288,jc,0.3845448
artificial_graph_sbmv_4_0_90_pos_0_10_3,0.9,3,Communautés,0.33661550856012434,0.822952178030303,0.06783525156816589,0.7657318614865305,sbm_density,0.3759604
artificial_graph_sbmv_4_0_90_pos_0_10_3,0.9,3,Embeddings,0.17566246005399658,0.7453598484848485,0.06064815582576428,0.7602635248732552,n2v_homophily_cos,0.23357958
artificial_graph_sbmv_4_0_80_pos_0_20_3,0.8,3,Max théorique (GT_proba),0.22639711347948752,0.8021592543011552,0.11401595830490407,0.8521924554183813,GT_proba,1.0
artificial_graph_sbmv_4_0_80_pos_0_20_3,0.8,3,Topologiques,0.15295804654684347,0.5927041499330656,0.05195404922321199,0.7254434842249657,aa,0.31629342
artificial_graph_sbmv_4_0_80_pos_0_20_3,0.8,3,Communautés,0.1548476858805989,0.6979275125192126,0.06837335324777408,0.7733824417009602,surprise_density,0.30688593
artificial_graph_sbmv_4_0_80_pos_0_20_3,0.8,3,Embeddings,0.10368179833222818,0.6181268283008577,0.058386737053785616,0.7418906721536351,deepwalk_dist,0.2626472
artificial_graph_sbmv_4_0_70_pos_0_30_3,0.7,3,Max théorique (GT_proba),0.35004171120562155,0.8551024428684002,0.08133207510846524,0.8221430808404026,GT_proba,1.0
artificial_graph_sbmv_4_0_70_pos_0_30_3,0.7,3,Topologiques,0.14274241213137387,0.6517434988179669,0.05806235073513006,0.6748249615337483,cn,0.49939147
artificial_graph_sbmv_4_0_70_pos_0_30_3,0.7,3,Communautés,0.18634905559993778,0.72549743892829,0.03160914903877745,0.6500069443498864,leiden_density,0.27505708
artificial_graph_sbmv_4_0_70_pos_0_30_3,0.7,3,Embeddings,0.16761306311832783,0.6811958234830575,0.0398423762154866,0.6467184542694135,crosswalk_dist,0.21083544
artificial_graph_sbmv_4_0_60_pos_0_40_3,0.6,3,Max théorique (GT_proba),0.2559460013698954,0.8155872780455651,0.07835644066362842,0.8147500495933346,GT_proba,1.0
artificial_graph_sbmv_4_0_60_pos_0_40_3,0.6,3,Topologiques,0.14887845694156815,0.652340048613686,0.040234376334277656,0.6218873983336639,jc,0.24918985
artificial_graph_sbmv_4_0_60_pos_0_40_3,0.6,3,Communautés,0.13000668731624548,0.6598277921970914,0.04186302347103013,0.6509130132910137,leiden_density,0.2572607
artificial_graph_sbmv_4_0_60_pos_0_40_3,0.6,3,Embeddings,0.14196863421141445,0.6658633049066864,0.033360742461557166,0.6480706952985519,deepwalk_cos,0.19814569
artificial_graph_sbmv_4_0_50_pos_0_50_3,0.5,3,Max théorique (GT_proba),0.2194500032045444,0.7822171371607232,0.08673458886492631,0.8025534289014912,GT_proba,1.0
artificial_graph_sbmv_4_0_50_pos_0_50_3,0.5,3,Topologiques,0.14968424358301885,0.6101092029543703,0.04587056814702214,0.6334199747952111,ra,0.26758486
artificial_graph_sbmv_4_0_50_pos_0_50_3,0.5,3,Communautés,0.16461608851154402,0.6776473786759709,0.03799916803483317,0.6486108485612266,sbm_density,0.25321922
artificial_graph_sbmv_4_0_50_pos_0_50_3,0.5,3,Embeddings,0.11889974709428723,0.5664506774208166,0.03775881301037968,0.6617375551354758,crosswalk_cos,0.19128385
artificial_graph_sbmv_4_0_40_pos_0_60_3,0.3999999999999999,3,Max théorique (GT_proba),0.23053028365674327,0.8263770712046574,0.07409884257843859,0.8150091853907324,GT_proba,1.0
artificial_graph_sbmv_4_0_40_pos_0_60_3,0.3999999999999999,3,Topologiques,0.11278838532133517,0.6419502910882222,0.045545341368749576,0.6808920748705696,jc,0.28851083
artificial_graph_sbmv_4_0_40_pos_0_60_3,0.3999999999999999,3,Communautés,0.17434706649679715,0.7379086430810569,0.04178247519991936,0.6687195693786051,leiden_density,0.26668155
artificial_graph_sbmv_4_0_40_pos_0_60_3,0.3999999999999999,3,Embeddings,0.1044534278573597,0.6261979399910435,0.04003327013342625,0.666936318906489,crosswalk_cos,0.20251405
artificial_graph_sbmv_4_0_30_pos_0_70_3,0.29999999999999993,3,Max théorique (GT_proba),0.215980101474165,0.8267018692052159,0.10937613466418986,0.8444277995052584,GT_proba,1.0
artificial_graph_sbmv_4_0_30_pos_0_70_3,0.29999999999999993,3,Topologiques,0.1803137090631768,0.7123431999603351,0.038858167148455275,0.6762964856759857,aa,0.26120976
artificial_graph_sbmv_4_0_30_pos_0_70_3,0.29999999999999993,3,Communautés,0.20579164809594339,0.7210198819971243,0.06289354225759795,0.7316919335000899,surprise_density,0.37017825
artificial_graph_sbmv_4_0_30_pos_0_70_3,0.29999999999999993,3,Embeddings,0.11819038150893346,0.6533789478903267,0.032852136305808424,0.6346753085225467,deepwalk_dist,0.20885992
artificial_graph_sbmv_4_0_20_pos_0_80_3,0.19999999999999996,3,Max théorique (GT_proba),0.3016108328963047,0.8553385416666668,0.11448230121478727,0.8580398545530372,GT_proba,1.0
artificial_graph_sbmv_4_0_20_pos_0_80_3,0.19999999999999996,3,Topologiques,0.12253769609103253,0.7018110795454546,0.06401157795507273,0.7541368973921203,jc,0.32857117
artificial_graph_sbmv_4_0_20_pos_0_80_3,0.19999999999999996,3,Communautés,0.18056887248734851,0.7560961174242424,0.053752186915385615,0.7836052861369234,surprise_density,0.5308288
artificial_graph_sbmv_4_0_20_pos_0_80_3,0.19999999999999996,3,Embeddings,0.16601596574654107,0.6790956439393939,0.0535223671392856,0.7409202517952794,n2v_homophily_cos,0.26343846
artificial_graph_sbmv_4_0_10_pos_0_90_3,0.09999999999999998,3,Max théorique (GT_proba),0.4168735655445323,0.8758348098677934,0.1318797093694474,0.8657458512396692,GT_proba,1.0
artificial_graph_sbmv_4_0_10_pos_0_90_3,0.09999999999999998,3,Topologiques,0.27394607989580716,0.7814274680841398,0.07972838863558027,0.7829414876033057,jc,0.37638605
artificial_graph_sbmv_4_0_10_pos_0_90_3,0.09999999999999998,3,Communautés,0.24803667202788993,0.8192153923038481,0.07636408253459855,0.8176017190082644,surprise_density,0.3719755
artificial_graph_sbmv_4_0_10_pos_0_90_3,0.09999999999999998,3,Embeddings,0.29091244439311936,0.783017582118032,0.08147975696204617,0.785027173553719,crosswalk_cos,0.26506755
artificial_graph_sbmv_4_0_00_pos_1_00_3,0.0,3,Max théorique (GT_proba),0.40962888951638415,0.9219493407041551,0.16695679383327183,0.9148345123966941,GT_proba,1.0
artificial_graph_sbmv_4_0_00_pos_1_00_3,0.0,3,Topologiques,0.281884577518988,0.8553174135665413,0.08656540036283915,0.8525648925619834,jc,0.41998413
artificial_graph_sbmv_4_0_00_pos_1_00_3,0.0,3,Communautés,0.2946790686289103,0.8721736372286919,0.1242478252794514,0.8803925950413223,leiden_density,0.6450923
artificial_graph_sbmv_4_0_00_pos_1_00_3,0.0,3,Embeddings,0.3053969643743855,0.8597467035207758,0.08594156792995306,0.8415243636363636,crosswalk_dist,0.27615592
artificial_graph_sbmv_4_1_00_pos_0_00_4,1.0,4,Max théorique (GT_proba),0.4671224246308261,0.9044847217381201,0.2612168988848488,0.9202085094392787,GT_proba,1.0
artificial_graph_sbmv_4_1_00_pos_0_00_4,1.0,4,Topologiques,0.31854628197837886,0.854130359010108,0.11138050098628166,0.8554934320868387,ra,0.31630427
artificial_graph_sbmv_4_1_00_pos_0_00_4,1.0,4,Communautés,0.36200246594405844,0.8635064482398048,0.1194905909475516,0.8397783413168028,significance_density,0.3500018
artificial_graph_sbmv_4_1_00_pos_0_00_4,1.0,4,Embeddings,0.3426874530090202,0.8338445451376786,0.11079043280123221,0.822085228568745,deepwalk_dist,0.27145904
artificial_graph_sbmv_4_0_90_pos_0_10_4,0.9,4,Max théorique (GT_proba),0.3963971078761154,0.8682476943346509,0.1439612844368907,0.8816325289256199,GT_proba,1.0
artificial_graph_sbmv_4_0_90_pos_0_10_4,0.9,4,Topologiques,0.26527877199204114,0.7650379355776658,0.10516598958615232,0.7691111404958678,ra,0.28399262
artificial_graph_sbmv_4_0_90_pos_0_10_4,0.9,4,Communautés,0.24403867546906083,0.7905024760347099,0.0836307590267704,0.805452297520661,sbm_density,0.2407732
artificial_graph_sbmv_4_0_90_pos_0_10_4,0.9,4,Embeddings,0.24275034629341882,0.7762709554313753,0.09115805688847134,0.7817180826446282,crosswalk_cos,0.218308
artificial_graph_sbmv_4_0_80_pos_0_20_4,0.8,4,Max théorique (GT_proba),0.29041088134245685,0.8172426249247441,0.12416873266746681,0.8342947040749238,GT_proba,1.0
artificial_graph_sbmv_4_0_80_pos_0_20_4,0.8,4,Topologiques,0.16528892722070138,0.6599638771824203,0.05351791179028248,0.6998913174737351,jc,0.2776537
artificial_graph_sbmv_4_0_80_pos_0_20_4,0.8,4,Communautés,0.17805346745591036,0.6986273329319687,0.06786266157955953,0.7109605656858404,leiden_density,0.2925336
artificial_graph_sbmv_4_0_80_pos_0_20_4,0.8,4,Embeddings,0.14799010666125573,0.6634316676700781,0.05386951519690905,0.6793606515584538,n2v_homophily_cos,0.1971249
artificial_graph_sbmv_4_0_70_pos_0_30_4,0.7,4,Max théorique (GT_proba),0.22601185104062282,0.8182668935342734,0.08772996184282608,0.8170259259259259,GT_proba,1.0
artificial_graph_sbmv_4_0_70_pos_0_30_4,0.7,4,Topologiques,0.1317074549240755,0.6841638308215847,0.03969922464488593,0.6585993141289439,sp,0.4019343
artificial_graph_sbmv_4_0_70_pos_0_30_4,0.7,4,Communautés,0.16304352494315227,0.719093339815265,0.048762132646503746,0.6978566529492456,surprise_density,0.2823003
artificial_graph_sbmv_4_0_70_pos_0_30_4,0.7,4,Embeddings,0.16892962942671755,0.6954302382109868,0.040357399160812865,0.6539720164609053,crosswalk_dist,0.19427146
artificial_graph_sbmv_4_0_60_pos_0_40_4,0.6,4,Max théorique (GT_proba),0.2285870085990925,0.7997364953886692,0.09363364275513206,0.8113071074380165,GT_proba,1.0
artificial_graph_sbmv_4_0_60_pos_0_40_4,0.6,4,Topologiques,0.11783046077214447,0.5756212802689564,0.033423579263130686,0.649801520661157,cn,0.32547036
artificial_graph_sbmv_4_0_60_pos_0_40_4,0.6,4,Communautés,0.1008127268543361,0.5704647676161919,0.038014905504169264,0.6221611900826447,louvain_density,0.36828583
artificial_graph_sbmv_4_0_60_pos_0_40_4,0.6,4,Embeddings,0.0994729641333133,0.5787560765072011,0.039295964204004136,0.605353652892562,crosswalk_cos,0.19776599
artificial_graph_sbmv_4_0_50_pos_0_50_4,0.5,4,Max théorique (GT_proba),0.15448492469785768,0.7500541842263697,0.0650395382586604,0.802668357283742,GT_proba,1.0
artificial_graph_sbmv_4_0_50_pos_0_50_4,0.5,4,Topologiques,0.12761594824422248,0.6705719446116796,0.029008343805557127,0.5650020797273545,jc,0.23802198
artificial_graph_sbmv_4_0_50_pos_0_50_4,0.5,4,Communautés,0.14852482954834811,0.6760264900662252,0.04029066122634169,0.6199135906828215,sbm_density,0.29022136
artificial_graph_sbmv_4_0_50_pos_0_50_4,0.5,4,Embeddings,0.09162706112253892,0.5857194461167972,0.028009354787701123,0.6158527553033047,crosswalk_cos,0.18390198
artificial_graph_sbmv_4_0_40_pos_0_60_4,0.3999999999999999,4,Max théorique (GT_proba),0.27411841738168596,0.8281282676890903,0.06760567895978033,0.7944871123992003,GT_proba,1.0
artificial_graph_sbmv_4_0_40_pos_0_60_4,0.3999999999999999,4,Topologiques,0.175495901966057,0.6838154990124317,0.03902933925539795,0.6169744663151256,jc,0.29277083
artificial_graph_sbmv_4_0_40_pos_0_60_4,0.3999999999999999,4,Communautés,0.12578819058817015,0.6618101545253863,0.04008472748643769,0.6842892028606314,louvain_density,0.2864009
artificial_graph_sbmv_4_0_40_pos_0_60_4,0.3999999999999999,4,Embeddings,0.12799465103652052,0.6185198094574184,0.025728298963339925,0.5128329911846395,crosswalk_cos,0.19423254
artificial_graph_sbmv_4_0_30_pos_0_70_4,0.29999999999999993,4,Max théorique (GT_proba),0.2541860560053179,0.8252686968204209,0.09342300620133931,0.8227407150473401,GT_proba,1.0
artificial_graph_sbmv_4_0_30_pos_0_70_4,0.29999999999999993,4,Topologiques,0.22591221718062632,0.6639946260635916,0.05270922295682736,0.6907817217147776,cn,0.28123012
artificial_graph_sbmv_4_0_30_pos_0_70_4,0.29999999999999993,4,Communautés,0.2410993251065837,0.7262763098969995,0.05903554767792055,0.7399003096054778,surprise_density,0.41987053
artificial_graph_sbmv_4_0_30_pos_0_70_4,0.29999999999999993,4,Embeddings,0.16711445026405225,0.6706000895656068,0.04922549351041027,0.6575009313857736,crosswalk_cos,0.23118155
artificial_graph_sbmv_4_0_20_pos_0_80_4,0.19999999999999996,4,Max théorique (GT_proba),0.34848242249480404,0.8480873671782762,0.10033325665740085,0.855881812535583,GT_proba,1.0
artificial_graph_sbmv_4_0_20_pos_0_80_4,0.19999999999999996,4,Topologiques,0.25933907960699226,0.7799881936245572,0.06677426044289406,0.7426447906423064,jc,0.3420651
artificial_graph_sbmv_4_0_20_pos_0_80_4,0.19999999999999996,4,Communautés,0.24205194530998708,0.8446399055489965,0.06209637988669843,0.7560649034729052,surprise_density,0.44926962
artificial_graph_sbmv_4_0_20_pos_0_80_4,0.19999999999999996,4,Embeddings,0.20540680047032187,0.7816056670602125,0.04652392148744908,0.6253186946845402,n2v_homophily_cos,0.2988216
artificial_graph_sbmv_4_0_10_pos_0_90_4,0.09999999999999998,4,Max théorique (GT_proba),0.361385377323737,0.8755681818181817,0.13961516080611774,0.8811040154309322,GT_proba,1.0
artificial_graph_sbmv_4_0_10_pos_0_90_4,0.09999999999999998,4,Topologiques,0.2331025419214574,0.7743844696969697,0.06676999357786782,0.7756626568833167,aa,0.28743553
artificial_graph_sbmv_4_0_10_pos_0_90_4,0.09999999999999998,4,Communautés,0.2755591767221204,0.8456557765151514,0.08129547376285035,0.8139171630022548,significance_density,0.6873094
artificial_graph_sbmv_4_0_10_pos_0_90_4,0.09999999999999998,4,Embeddings,0.2153333433245846,0.7868607954545455,0.04551920938353082,0.7310720848701274,crosswalk_cos,0.25851598
artificial_graph_sbmv_4_0_00_pos_1_00_4,0.0,4,Max théorique (GT_proba),0.43063823936142626,0.9126640738940204,0.15657353415770103,0.9005795128061981,GT_proba,1.0
artificial_graph_sbmv_4_0_00_pos_1_00_4,0.0,4,Topologiques,0.3246651137928968,0.8900461837627613,0.10198895697584928,0.8336569491156167,jc,0.40852112
artificial_graph_sbmv_4_0_00_pos_1_00_4,0.0,4,Communautés,0.3332899109215241,0.888818667963053,0.0949560015558522,0.8450410533625632,significance_density,0.55899704
artificial_graph_sbmv_4_0_00_pos_1_00_4,0.0,4,Embeddings,0.309313853706996,0.849538162372387,0.09102027625004444,0.819375144673956,deepwalk_cos,0.2720962
artificial_graph_sbmv_4_1_00_pos_0_00_5,1.0,5,Max théorique (GT_proba),0.4394104811535022,0.9221804695942627,0.22345688714011788,0.90541022383218,GT_proba,1.0
artificial_graph_sbmv_4_1_00_pos_0_00_5,1.0,5,Topologiques,0.2884700107475739,0.8276721681894096,0.10137871704799173,0.8500748810553634,ra,0.34993696
artificial_graph_sbmv_4_1_00_pos_0_00_5,1.0,5,Communautés,0.35223588291360386,0.8498870223008155,0.1330473970921008,0.832862375648789,sbm_density,0.34687066
artificial_graph_sbmv_4_1_00_pos_0_00_5,1.0,5,Embeddings,0.3178041479269365,0.8511273209549072,0.07544317597871057,0.8247227778979239,n2v_homophily_cos,0.23586494
artificial_graph_sbmv_4_0_90_pos_0_10_5,0.9,5,Max théorique (GT_proba),0.3375010735284457,0.8686072548141514,0.14299455465124572,0.8750976916308679,GT_proba,1.0
artificial_graph_sbmv_4_0_90_pos_0_10_5,0.9,5,Topologiques,0.29244537221049755,0.7111621137483206,0.0661182604193047,0.7237024481134516,ra,0.2981638
artificial_graph_sbmv_4_0_90_pos_0_10_5,0.9,5,Communautés,0.2171877008087054,0.7549932825794896,0.09016345646237554,0.8066469126856788,surprise_density,0.36070284
artificial_graph_sbmv_4_0_90_pos_0_10_5,0.9,5,Embeddings,0.21403149747862665,0.7107030900134348,0.09198485775109952,0.7617100564152994,n2v_homophily_cos,0.25123274
artificial_graph_sbmv_4_0_80_pos_0_20_5,0.8,5,Max théorique (GT_proba),0.30951734110801277,0.8380725931677018,0.12220185806135618,0.8311583834813223,GT_proba,1.0
artificial_graph_sbmv_4_0_80_pos_0_20_5,0.8,5,Topologiques,0.171315219771641,0.7083050271739131,0.06323281957650549,0.7171877849317567,jc,0.30910692
artificial_graph_sbmv_4_0_80_pos_0_20_5,0.8,5,Communautés,0.25497584695589565,0.7490780279503105,0.059063421599671304,0.73158621947285,leiden_density,0.47146267
artificial_graph_sbmv_4_0_80_pos_0_20_5,0.8,5,Embeddings,0.19082792216859948,0.7116168478260869,0.06425460140610406,0.7141847970935207,deepwalk_dist,0.23138647
artificial_graph_sbmv_4_0_70_pos_0_30_5,0.7,5,Max théorique (GT_proba),0.231497124503265,0.8222288155708521,0.09013805457514912,0.8361398603234615,GT_proba,1.0
artificial_graph_sbmv_4_0_70_pos_0_30_5,0.7,5,Topologiques,0.1423998670317906,0.6365416567766438,0.03434563039219751,0.6200711510186936,jc,0.3028852
artificial_graph_sbmv_4_0_70_pos_0_30_5,0.7,5,Communautés,0.17569656539867656,0.6341205791597437,0.04851558299140917,0.6859547626549045,louvain_density,0.39957568
artificial_graph_sbmv_4_0_70_pos_0_30_5,0.7,5,Embeddings,0.12275555845052988,0.6610253975789223,0.035275763919680875,0.6552255303507667,crosswalk_cos,0.20154403
artificial_graph_sbmv_4_0_60_pos_0_40_5,0.6,5,Max théorique (GT_proba),0.2476495861496477,0.794306906375872,0.07618408654018864,0.8058677551903113,GT_proba,1.0
artificial_graph_sbmv_4_0_60_pos_0_40_5,0.6,5,Topologiques,0.07988211433474467,0.562469299538265,0.03224801223369157,0.6004131974480968,ra,0.30860722
artificial_graph_sbmv_4_0_60_pos_0_40_5,0.6,5,Communautés,0.12359113053407263,0.658672266430887,0.036132290898159024,0.6564386894463667,louvain_density,0.25487918
artificial_graph_sbmv_4_0_60_pos_0_40_5,0.6,5,Embeddings,0.1212200388841206,0.6207633362805777,0.025467135657410236,0.5775424416089966,deepwalk_dist,0.20132165
artificial_graph_sbmv_4_0_50_pos_0_50_5,0.5,5,Max théorique (GT_proba),0.22271526959085955,0.8261345363587638,0.06725586340306607,0.8063454081632653,GT_proba,1.0
artificial_graph_sbmv_4_0_50_pos_0_50_5,0.5,5,Topologiques,0.10789891935100901,0.5524164731105949,0.035791004240946486,0.6249525510204081,aa,0.22575213
artificial_graph_sbmv_4_0_50_pos_0_50_5,0.5,5,Communautés,0.1269074908012408,0.6739101304270145,0.029806459546692872,0.5944131377551021,sbm_density,0.3738053
artificial_graph_sbmv_4_0_50_pos_0_50_5,0.5,5,Embeddings,0.13817500979806763,0.6127166339110237,0.027993460368695315,0.5921626275510203,crosswalk_dist,0.21743837
artificial_graph_sbmv_4_0_40_pos_0_60_5,0.3999999999999999,5,Max théorique (GT_proba),0.19954929684231387,0.8229855279614079,0.09295473035218607,0.8473932397959183,GT_proba,1.0
artificial_graph_sbmv_4_0_40_pos_0_60_5,0.3999999999999999,5,Topologiques,0.13434100565857188,0.6622185992495981,0.0371384581359908,0.6299582908163266,ra,0.26317415
artificial_graph_sbmv_4_0_40_pos_0_60_5,0.3999999999999999,5,Communautés,0.19344393784490518,0.6607445953189208,0.04523124028667243,0.663831887755102,surprise_density,0.33334282
artificial_graph_sbmv_4_0_40_pos_0_60_5,0.3999999999999999,5,Embeddings,0.09617570205751821,0.6200196533857424,0.035312124975646626,0.6508539540816326,deepwalk_cos,0.19656326
artificial_graph_sbmv_4_0_30_pos_0_70_5,0.29999999999999993,5,Max théorique (GT_proba),0.25191024845108145,0.8221706454465074,0.08709489497907828,0.81536142949827,GT_proba,1.0
artificial_graph_sbmv_4_0_30_pos_0_70_5,0.29999999999999993,5,Topologiques,0.17926799534023566,0.6706086059534335,0.045989470609903604,0.6831610888840831,jc,0.33906054
artificial_graph_sbmv_4_0_30_pos_0_70_5,0.29999999999999993,5,Communautés,0.17617458577930378,0.7541138618724825,0.059216213544480055,0.7657065041089965,surprise_density,0.39014554
artificial_graph_sbmv_4_0_30_pos_0_70_5,0.29999999999999993,5,Embeddings,0.1392253192506908,0.6774241084585912,0.0456708430183225,0.6445590938581315,n2v_homophily_cos,0.17392142
artificial_graph_sbmv_4_0_20_pos_0_80_5,0.19999999999999996,5,Max théorique (GT_proba),0.31862379746843517,0.8341283903502794,0.08312797115882765,0.8003826776859505,GT_proba,1.0
artificial_graph_sbmv_4_0_20_pos_0_80_5,0.19999999999999996,5,Topologiques,0.178642500003062,0.7069760574258326,0.052542224986064576,0.6959266115702479,jc,0.3549218
artificial_graph_sbmv_4_0_20_pos_0_80_5,0.19999999999999996,5,Communautés,0.2387468677867632,0.8242015355958385,0.04535496252007508,0.7135135206611569,sbm_density,0.40527734
artificial_graph_sbmv_4_0_20_pos_0_80_5,0.19999999999999996,5,Embeddings,0.20740549212681847,0.7794966153286993,0.043779687540619464,0.6456773553719009,deepwalk_cos,0.22083198
artificial_graph_sbmv_4_0_10_pos_0_90_5,0.09999999999999998,5,Max théorique (GT_proba),0.33392719428630663,0.8875160875160876,0.13603873533191096,0.8702246173469389,GT_proba,1.0
artificial_graph_sbmv_4_0_10_pos_0_90_5,0.09999999999999998,5,Topologiques,0.3498496674669939,0.87003627003627,0.0882000046960413,0.7883951530612245,jc,0.47493133
artificial_graph_sbmv_4_0_10_pos_0_90_5,0.09999999999999998,5,Communautés,0.2530194751302459,0.8090909090909091,0.07008206338157304,0.8134758928571428,surprise_density,0.57394034
artificial_graph_sbmv_4_0_10_pos_0_90_5,0.09999999999999998,5,Embeddings,0.18997257574125415,0.7914589914589915,0.08517168986665599,0.7716635204081632,crosswalk_cos,0.24579413
artificial_graph_sbmv_4_0_00_pos_1_00_5,0.0,5,Max théorique (GT_proba),0.41596216772380246,0.9209637953690697,0.17865836971007323,0.9174309493803825,GT_proba,1.0
artificial_graph_sbmv_4_0_00_pos_1_00_5,0.0,5,Topologiques,0.23930929659080197,0.8489283610494358,0.10667351044506566,0.8702632062591893,jc,0.3909235
artificial_graph_sbmv_4_0_00_pos_1_00_5,0.0,5,Communautés,0.2782149945199001,0.8862431464950835,0.08061584700297504,0.8573452268431001,significance_density,0.58027023
artificial_graph_sbmv_4_0_00_pos_1_00_5,0.0,5,Embeddings,0.2920534696989704,0.8561783497213286,0.09644886403965863,0.8610559756353707,deepwalk_cos,0.28467423
artificial_graph_sbmv_4_1_00_pos_0_00_6,1.0,6,Max théorique (GT_proba),0.4312238127839173,0.9091619318181818,0.17981830747839592,0.9100775456476692,GT_proba,1.0
artificial_graph_sbmv_4_1_00_pos_0_00_6,1.0,6,Topologiques,0.41764877376494824,0.8564867424242425,0.11125347133260406,0.8331230695043594,ra,0.25015438
artificial_graph_sbmv_4_1_00_pos_0_00_6,1.0,6,Communautés,0.3217921132594904,0.8677201704545455,0.11288016193803169,0.8264447601298076,sbm_density,0.291834
artificial_graph_sbmv_4_1_00_pos_0_00_6,1.0,6,Embeddings,0.3167192838577559,0.8550662878787878,0.08820847181837846,0.7969118586192965,deepwalk_dist,0.26085988
artificial_graph_sbmv_4_0_90_pos_0_10_6,0.9,6,Max théorique (GT_proba),0.31625015630869313,0.8413882437019833,0.16444446879601052,0.8727978828637865,GT_proba,1.0
artificial_graph_sbmv_4_0_90_pos_0_10_6,0.9,6,Topologiques,0.29697260182358526,0.7776822404859747,0.0808109504379571,0.7616492593877262,jc,0.30209967
artificial_graph_sbmv_4_0_90_pos_0_10_6,0.9,6,Communautés,0.20288475576337076,0.7646618724316598,0.03699143992261896,0.6085330352898859,infomap_density,0.24866451
artificial_graph_sbmv_4_0_90_pos_0_10_6,0.9,6,Embeddings,0.17074849947695886,0.7403966410577094,0.07996887435353275,0.7593179686797447,deepwalk_cos,0.30111763
artificial_graph_sbmv_4_0_80_pos_0_20_6,0.8,6,Max théorique (GT_proba),0.29883830383149246,0.8312156312156312,0.13388263338751574,0.8612463010204082,GT_proba,1.0
artificial_graph_sbmv_4_0_80_pos_0_20_6,0.8,6,Topologiques,0.170443802476247,0.7247221247221247,0.04861110875933383,0.6774520408163265,sp,0.33950797
artificial_graph_sbmv_4_0_80_pos_0_20_6,0.8,6,Communautés,0.20077283163679738,0.7326196326196326,0.044977898892365455,0.7092427295918368,sbm_density,0.28579602
artificial_graph_sbmv_4_0_80_pos_0_20_6,0.8,6,Embeddings,0.17776978769425503,0.7106353106353106,0.05150098310145748,0.6897235969387755,n2v_homophily_dist,0.22128326
artificial_graph_sbmv_4_0_70_pos_0_30_6,0.7,6,Max théorique (GT_proba),0.2269366280122164,0.8021885903303276,0.10061490476165412,0.8369869752066117,GT_proba,1.0
artificial_graph_sbmv_4_0_70_pos_0_30_6,0.7,6,Topologiques,0.12624951604101486,0.6474806289365174,0.03607567238304813,0.6377741487603306,aa,0.32133862
artificial_graph_sbmv_4_0_70_pos_0_30_6,0.7,6,Communautés,0.18209288215132372,0.7386832208074674,0.03535253430733214,0.6469436033057852,sbm_density,0.41820872
artificial_graph_sbmv_4_0_70_pos_0_30_6,0.7,6,Embeddings,0.22403137773153814,0.6936653223979337,0.040845187994202996,0.6715391735537191,deepwalk_dist,0.17841446
artificial_graph_sbmv_4_0_60_pos_0_40_6,0.6,6,Max théorique (GT_proba),0.2750220937558831,0.8168903103200538,0.07896450511814455,0.8094605466460654,GT_proba,1.0
artificial_graph_sbmv_4_0_60_pos_0_40_6,0.6,6,Topologiques,0.10649382584213668,0.5545551461215787,0.032662472031699336,0.6269790612179658,aa,0.2778226
artificial_graph_sbmv_4_0_60_pos_0_40_6,0.6,6,Communautés,0.12696980038438027,0.6522399128600895,0.03749580731294091,0.5835364164313496,leiden_density,0.3185976
artificial_graph_sbmv_4_0_60_pos_0_40_6,0.6,6,Embeddings,0.11801435081688255,0.6109295696308141,0.041656026033382476,0.6437482018221535,n2v_homophily_dist,0.20737758
artificial_graph_sbmv_4_0_50_pos_0_50_6,0.5,6,Max théorique (GT_proba),0.2551774756106066,0.8232588699080158,0.08949004842585828,0.815692826446281,GT_proba,1.0
artificial_graph_sbmv_4_0_50_pos_0_50_6,0.5,6,Topologiques,0.14296182847550348,0.5927658706783271,0.03151385439608667,0.6374820495867769,ra,0.24223712
artificial_graph_sbmv_4_0_50_pos_0_50_6,0.5,6,Communautés,0.11646291775045937,0.6571208482486746,0.0363887518015078,0.6556953388429752,louvain_density,0.33584756
artificial_graph_sbmv_4_0_50_pos_0_50_6,0.5,6,Embeddings,0.12742256200658894,0.671280982373465,0.030926902610722024,0.617683173553719,n2v_homophily_dist,0.18300962
artificial_graph_sbmv_4_0_40_pos_0_60_6,0.3999999999999999,6,Max théorique (GT_proba),0.2548404958253022,0.8403036695447409,0.07766421338483924,0.822029666469083,GT_proba,1.0
artificial_graph_sbmv_4_0_40_pos_0_60_6,0.3999999999999999,6,Topologiques,0.10783539110159852,0.5466542386185242,0.0373066400469315,0.6428373982564444,jc,0.24545883
artificial_graph_sbmv_4_0_40_pos_0_60_6,0.3999999999999999,6,Communautés,0.148772356729518,0.6583962912087913,0.03061432154358263,0.6319184894967398,louvain_density,0.374876
artificial_graph_sbmv_4_0_40_pos_0_60_6,0.3999999999999999,6,Embeddings,0.12179559154145464,0.6363078885400314,0.042362193865812435,0.6497111422747184,deepwalk_cos,0.18494038
artificial_graph_sbmv_4_0_30_pos_0_70_6,0.29999999999999993,6,Max théorique (GT_proba),0.283636096064781,0.8272727272727273,0.1041639358084384,0.8271190479432471,GT_proba,1.0
artificial_graph_sbmv_4_0_30_pos_0_70_6,0.29999999999999993,6,Topologiques,0.13268282794649217,0.7054083616917841,0.04012054213710654,0.6929045083808772,cn,0.3342414
artificial_graph_sbmv_4_0_30_pos_0_70_6,0.29999999999999993,6,Communautés,0.201992654565962,0.7307729703451629,0.051213771934775866,0.7168026034503888,surprise_density,0.5091857
artificial_graph_sbmv_4_0_30_pos_0_70_6,0.29999999999999993,6,Embeddings,0.14656937257848784,0.6782207097715118,0.036976235774046705,0.6339401696599992,deepwalk_dist,0.23394705
artificial_graph_sbmv_4_0_20_pos_0_80_6,0.19999999999999996,6,Max théorique (GT_proba),0.27603474561627617,0.8243522714069943,0.10827995023037944,0.83950260972239,GT_proba,1.0
artificial_graph_sbmv_4_0_20_pos_0_80_6,0.19999999999999996,6,Topologiques,0.14499968586306342,0.6520274195422331,0.05481030855968977,0.731489084785788,jc,0.38728166
artificial_graph_sbmv_4_0_20_pos_0_80_6,0.19999999999999996,6,Communautés,0.1648203833087683,0.7228651097943535,0.05532961091685491,0.7400174428745856,surprise_density,0.43262374
artificial_graph_sbmv_4_0_20_pos_0_80_6,0.19999999999999996,6,Embeddings,0.22188709084937808,0.7069826885093528,0.05739263976897804,0.7159256128486897,n2v_homophily_cos,0.2541733
artificial_graph_sbmv_4_0_10_pos_0_90_6,0.09999999999999998,6,Max théorique (GT_proba),0.2824430106855329,0.8625970134590825,0.12293713466388512,0.8756052660034601,GT_proba,1.0
artificial_graph_sbmv_4_0_10_pos_0_90_6,0.09999999999999998,6,Topologiques,0.2172766220384831,0.7895053541605266,0.07682610622608636,0.779381893382353,jc,0.44355944
artificial_graph_sbmv_4_0_10_pos_0_90_6,0.09999999999999998,6,Communautés,0.27214051861114613,0.8494940563906082,0.09507784626562815,0.8064088181228373,surprise_density,0.49676535
artificial_graph_sbmv_4_0_10_pos_0_90_6,0.09999999999999998,6,Embeddings,0.20050867663895247,0.7932139699381079,0.07761484562709932,0.7901550335207612,crosswalk_cos,0.22729865
artificial_graph_sbmv_4_0_00_pos_1_00_6,0.0,6,Max théorique (GT_proba),0.3596295556754832,0.8932620969623442,0.17049166015695189,0.917310787480508,GT_proba,1.0
artificial_graph_sbmv_4_0_00_pos_1_00_6,0.0,6,Topologiques,0.24830049749857044,0.8162591572955065,0.10333265757911415,0.8459410503452884,aa,0.31081393
artificial_graph_sbmv_4_0_00_pos_1_00_6,0.0,6,Communautés,0.2896064766857076,0.8712612570575335,0.1147065701533458,0.8882419525506794,significance_density,0.2549746
artificial_graph_sbmv_4_0_00_pos_1_00_6,0.0,6,Embeddings,0.2810455163142595,0.8334188791936914,0.08900046228839331,0.8330175150367565,crosswalk_dist,0.22349556
artificial_graph_sbmv_4_1_00_pos_0_00_7,1.0,7,Max théorique (GT_proba),0.4176500522717985,0.9149187236604456,0.19080372741822182,0.9057301184773712,GT_proba,1.0
artificial_graph_sbmv_4_1_00_pos_0_00_7,1.0,7,Topologiques,0.3177430845666933,0.854846478025286,0.1209079259958307,0.8084842141984999,jc,0.25195527
artificial_graph_sbmv_4_1_00_pos_0_00_7,1.0,7,Communautés,0.3803290728701477,0.8789042745334135,0.10829720862872083,0.8059210508661058,significance_density,0.31680903
artificial_graph_sbmv_4_1_00_pos_0_00_7,1.0,7,Embeddings,0.277263846147582,0.8318242022877785,0.06977483183436628,0.7373775308940145,deepwalk_cos,0.20154786
artificial_graph_sbmv_4_0_90_pos_0_10_7,0.9,7,Max théorique (GT_proba),0.33558891902828636,0.8664092664092664,0.19324724408234503,0.881634693877551,GT_proba,1.0
artificial_graph_sbmv_4_0_90_pos_0_10_7,0.9,7,Topologiques,0.2823655559374519,0.8141219141219141,0.09180204292735085,0.7979676020408164,jc,0.28777662
artificial_graph_sbmv_4_0_90_pos_0_10_7,0.9,7,Communautés,0.3379288334837699,0.8399087399087399,0.0700824233799186,0.7499429846938777,infomap_density,0.28730428
artificial_graph_sbmv_4_0_90_pos_0_10_7,0.9,7,Embeddings,0.2841210091674076,0.8227916227916228,0.07865566756770809,0.7816915816326531,n2v_homophily_cos,0.26390034
artificial_graph_sbmv_4_0_80_pos_0_20_7,0.8,7,Max théorique (GT_proba),0.3336128689167815,0.863419626730885,0.09724761676930532,0.8435541869607803,GT_proba,1.0
artificial_graph_sbmv_4_0_80_pos_0_20_7,0.8,7,Topologiques,0.133821404536196,0.6984948826008428,0.05016895429795542,0.7009344013739618,aa,0.25891915
artificial_graph_sbmv_4_0_80_pos_0_20_7,0.8,7,Communautés,0.3200248076235922,0.8031908488862131,0.08695692480799348,0.7226874102698279,surprise_density,0.28141508
artificial_graph_sbmv_4_0_80_pos_0_20_7,0.8,7,Embeddings,0.19634204698405763,0.7443226971703792,0.04901070719296276,0.6786344912718538,crosswalk_cos,0.2372287
artificial_graph_sbmv_4_0_70_pos_0_30_7,0.7,7,Max théorique (GT_proba),0.26293373972090944,0.82551411641687,0.09011487348380844,0.8348374458264568,GT_proba,1.0
artificial_graph_sbmv_4_0_70_pos_0_30_7,0.7,7,Topologiques,0.13365710305518724,0.6542116881607993,0.05400402043283502,0.6487921480229173,ra,0.325573
artificial_graph_sbmv_4_0_70_pos_0_30_7,0.7,7,Communautés,0.15754763352285048,0.7057743696990821,0.05136197345541664,0.705142293603832,sbm_density,0.34971866
artificial_graph_sbmv_4_0_70_pos_0_30_7,0.7,7,Embeddings,0.20784615714455068,0.6958289764145463,0.040446798159292176,0.6632352507077781,n2v_homophily_cos,0.23332356
artificial_graph_sbmv_4_0_60_pos_0_40_7,0.6,7,Max théorique (GT_proba),0.31753221626895306,0.8237086092715231,0.07354542783851374,0.8147087710823974,GT_proba,1.0
artificial_graph_sbmv_4_0_60_pos_0_40_7,0.6,7,Topologiques,0.08750686104716493,0.5507405177603854,0.030536825870482245,0.5653579143689034,jc,0.23199803
artificial_graph_sbmv_4_0_60_pos_0_40_7,0.6,7,Communautés,0.16836497972344716,0.650114388922336,0.040853382942585954,0.6668169437400207,leiden_density,0.33488032
artificial_graph_sbmv_4_0_60_pos_0_40_7,0.6,7,Embeddings,0.10617638980280011,0.5907886815171584,0.032661634407259936,0.5801245152893504,n2v_homophily_cos,0.19935267
artificial_graph_sbmv_4_0_50_pos_0_50_7,0.5,7,Max théorique (GT_proba),0.28048099242328073,0.8458995890655708,0.07202937167551907,0.8015908069012474,GT_proba,1.0
artificial_graph_sbmv_4_0_50_pos_0_50_7,0.5,7,Topologiques,0.1627667873035294,0.667399946399857,0.02926603436042497,0.5918982284400252,aa,0.24092406
artificial_graph_sbmv_4_0_50_pos_0_50_7,0.5,7,Communautés,0.10063753089514431,0.6147378059674826,0.021346883101096458,0.5319932940224303,louvain_density,0.24567859
artificial_graph_sbmv_4_0_50_pos_0_50_7,0.5,7,Embeddings,0.14465393947687868,0.6911515097373593,0.028159546946783888,0.5826205983993011,crosswalk_dist,0.19349143
artificial_graph_sbmv_4_0_40_pos_0_60_7,0.3999999999999999,7,Max théorique (GT_proba),0.3139614665165368,0.8236807342000974,0.06492311999234565,0.8219148596089296,GT_proba,1.0
artificial_graph_sbmv_4_0_40_pos_0_60_7,0.3999999999999999,7,Topologiques,0.16929256024861777,0.6632598669725833,0.03424257578861919,0.6353060898289733,jc,0.27081686
artificial_graph_sbmv_4_0_40_pos_0_60_7,0.3999999999999999,7,Communautés,0.17780779323774348,0.757792764606364,0.04787322298751274,0.6699946720656402,surprise_density,0.2814912
artificial_graph_sbmv_4_0_40_pos_0_60_7,0.3999999999999999,7,Embeddings,0.12980649711720146,0.6188555934088855,0.03745325745396161,0.6181970270126272,crosswalk_dist,0.20425631
artificial_graph_sbmv_4_0_30_pos_0_70_7,0.29999999999999993,7,Max théorique (GT_proba),0.23974084976184493,0.8453100541842263,0.08964921326680061,0.8189374605858122,GT_proba,1.0
artificial_graph_sbmv_4_0_30_pos_0_70_7,0.29999999999999993,7,Topologiques,0.15732387507539572,0.6990728476821192,0.03957368359128094,0.6554079620013686,jc,0.25291878
artificial_graph_sbmv_4_0_30_pos_0_70_7,0.29999999999999993,7,Communautés,0.1755770413707922,0.7360987357013847,0.048851264085064135,0.6639796589247138,surprise_density,0.36642578
artificial_graph_sbmv_4_0_30_pos_0_70_7,0.29999999999999993,7,Embeddings,0.15841838244057632,0.7054063816977725,0.038488559073391215,0.6603970266607629,crosswalk_cos,0.19738276
artificial_graph_sbmv_4_0_20_pos_0_80_7,0.19999999999999996,7,Max théorique (GT_proba),0.22903782724684943,0.818150348400929,0.10740415991891768,0.8503070153061225,GT_proba,1.0
artificial_graph_sbmv_4_0_20_pos_0_80_7,0.19999999999999996,7,Topologiques,0.23524565806307438,0.7246180989815972,0.0715627095147359,0.7339929846938775,jc,0.24404912
artificial_graph_sbmv_4_0_20_pos_0_80_7,0.19999999999999996,7,Communautés,0.18398684417831646,0.7792344112917634,0.06832406089431475,0.783933163265306,surprise_density,0.55868495
artificial_graph_sbmv_4_0_20_pos_0_80_7,0.19999999999999996,7,Embeddings,0.16414354701108994,0.7514740039306771,0.04167576430209949,0.6544424744897959,deepwalk_cos,0.22553608
artificial_graph_sbmv_4_0_10_pos_0_90_7,0.09999999999999998,7,Max théorique (GT_proba),0.36166531932723556,0.8766135947530649,0.1249616638113655,0.8830229367574192,GT_proba,1.0
artificial_graph_sbmv_4_0_10_pos_0_90_7,0.09999999999999998,7,Topologiques,0.2517908954509145,0.7989872302950243,0.07706031676668203,0.7989689115030103,jc,0.4216437
artificial_graph_sbmv_4_0_10_pos_0_90_7,0.09999999999999998,7,Communautés,0.32710988860492085,0.8355929453753274,0.0663620560403026,0.8076983323565454,surprise_density,0.6335316
artificial_graph_sbmv_4_0_10_pos_0_90_7,0.09999999999999998,7,Embeddings,0.2353521590486066,0.7909105657141531,0.04388285726020445,0.7208757792104001,crosswalk_dist,0.33189896
artificial_graph_sbmv_4_0_00_pos_1_00_7,0.0,7,Max théorique (GT_proba),0.3658891086141654,0.8966300940438872,0.1665034753814693,0.9081177014683778,GT_proba,1.0
artificial_graph_sbmv_4_0_00_pos_1_00_7,0.0,7,Topologiques,0.3921297584830591,0.8644088669950739,0.11537084811700205,0.8514000334014209,ra,0.32263452
artificial_graph_sbmv_4_0_00_pos_1_00_7,0.0,7,Communautés,0.2847354155633487,0.8659202866099418,0.09104979612894934,0.8670099304993513,surprise_density,0.35554487
artificial_graph_sbmv_4_0_00_pos_1_00_7,0.0,7,Embeddings,0.3764283403381792,0.8766905508284819,0.10206809151954165,0.8407267378373864,crosswalk_cos,0.2763492
artificial_graph_sbmv_4_1_00_pos_0_00_8,1.0,8,Max théorique (GT_proba),0.38393269110233175,0.9032673905498537,0.20683352206354258,0.897933744855967,GT_proba,1.0
artificial_graph_sbmv_4_1_00_pos_0_00_8,1.0,8,Topologiques,0.36528890815586623,0.8175541672864296,0.08650182452519488,0.8227814814814813,sp,0.25653774
artificial_graph_sbmv_4_1_00_pos_0_00_8,1.0,8,Communautés,0.375109980448224,0.8684986861024345,0.09583923728964244,0.8387943758573388,surprise_density,0.31113005
artificial_graph_sbmv_4_1_00_pos_0_00_8,1.0,8,Embeddings,0.34276017909194134,0.8434230750161138,0.08759864743221761,0.7627074074074074,crosswalk_dist,0.31455836
artificial_graph_sbmv_4_0_90_pos_0_10_8,0.9,8,Max théorique (GT_proba),0.3364607021247382,0.8587718242022878,0.1446812174737366,0.8770788552107233,GT_proba,1.0
artificial_graph_sbmv_4_0_90_pos_0_10_8,0.9,8,Topologiques,0.18823758505003702,0.7792895845875978,0.0827144102110456,0.7713598733378954,jc,0.3541278
artificial_graph_sbmv_4_0_90_pos_0_10_8,0.9,8,Communautés,0.32152350140589264,0.8093919325707405,0.1284498906752425,0.82304217150371,sbm_density,0.25710317
artificial_graph_sbmv_4_0_90_pos_0_10_8,0.9,8,Embeddings,0.16809295224950285,0.7518362432269717,0.0743868767223752,0.7611137946302782,crosswalk_cos,0.22945419
artificial_graph_sbmv_4_0_80_pos_0_20_8,0.8,8,Max théorique (GT_proba),0.3537141657309539,0.8486233088060764,0.11239189590584106,0.8528351731418369,GT_proba,1.0
artificial_graph_sbmv_4_0_80_pos_0_20_8,0.8,8,Topologiques,0.20486204199156618,0.6523736055067648,0.054915204111862466,0.6551152758409466,jc,0.34419808
artificial_graph_sbmv_4_0_80_pos_0_20_8,0.8,8,Communautés,0.1613547519687783,0.7311417042487538,0.0463076769194576,0.6864618332051768,leiden_density,0.31494355
artificial_graph_sbmv_4_0_80_pos_0_20_8,0.8,8,Embeddings,0.15954265266095066,0.6845478281509614,0.05034224383436107,0.6752664572716964,crosswalk_cos,0.2120881
artificial_graph_sbmv_4_0_70_pos_0_30_8,0.7,8,Max théorique (GT_proba),0.24570577991179274,0.7747691325277531,0.09508398849362819,0.827327124783737,GT_proba,1.0
artificial_graph_sbmv_4_0_70_pos_0_30_8,0.7,8,Topologiques,0.13824443808716266,0.6764785342371549,0.047071069967976054,0.6312321583044983,cn,0.39263287
artificial_graph_sbmv_4_0_70_pos_0_30_8,0.7,8,Communautés,0.1234990237259265,0.6342469790745653,0.03955568798841374,0.6516049416089965,surprise_density,0.2628516
artificial_graph_sbmv_4_0_70_pos_0_30_8,0.7,8,Embeddings,0.15397017813238947,0.6328715983888398,0.04936598624946912,0.6558599156574395,n2v_homophily_dist,0.20663571
artificial_graph_sbmv_4_0_60_pos_0_40_8,0.6,8,Max théorique (GT_proba),0.1825996640460536,0.7840493709945408,0.09094691747408644,0.8249481942942042,GT_proba,1.0
artificial_graph_sbmv_4_0_60_pos_0_40_8,0.6,8,Topologiques,0.09420091394883337,0.6265250415380963,0.03976320583281764,0.6431779379374161,cn,0.5770498
artificial_graph_sbmv_4_0_60_pos_0_40_8,0.6,8,Communautés,0.16524967655622008,0.6540469973890339,0.032256622869032525,0.6563345019484159,leiden_density,0.2756933
artificial_graph_sbmv_4_0_60_pos_0_40_8,0.6,8,Embeddings,0.1259730133692607,0.6561357702349869,0.04445124637297962,0.6646806292275411,crosswalk_dist,0.20453727
artificial_graph_sbmv_4_0_50_pos_0_50_8,0.5,8,Max théorique (GT_proba),0.21405209058213387,0.8115539632781011,0.07694324447099295,0.8114317647512238,GT_proba,1.0
artificial_graph_sbmv_4_0_50_pos_0_50_8,0.5,8,Topologiques,0.11966388744040826,0.6576802507836992,0.027184962432254517,0.5908403026682596,aa,0.26602587
artificial_graph_sbmv_4_0_50_pos_0_50_8,0.5,8,Communautés,0.19712552964864474,0.6423309449171519,0.031162004388106304,0.6348890687426934,sbm_density,0.2692557
artificial_graph_sbmv_4_0_50_pos_0_50_8,0.5,8,Embeddings,0.12072343833972614,0.6046126287505598,0.029747828564639495,0.6095047597024704,n2v_homophily_dist,0.18922332
artificial_graph_sbmv_4_0_40_pos_0_60_8,0.3999999999999999,8,Max théorique (GT_proba),0.22473727318614614,0.8427413357132232,0.07629383466481776,0.7987094650205762,GT_proba,1.0
artificial_graph_sbmv_4_0_40_pos_0_60_8,0.3999999999999999,8,Topologiques,0.10437871286260883,0.5764291734840596,0.02846174455448628,0.6002299039780521,jc,0.26151076
artificial_graph_sbmv_4_0_40_pos_0_60_8,0.3999999999999999,8,Communautés,0.19118173058691615,0.6442560364916456,0.03846223148693774,0.6736344307270232,surprise_density,0.3054665
artificial_graph_sbmv_4_0_40_pos_0_60_8,0.3999999999999999,8,Embeddings,0.09022488376072987,0.5814616490653973,0.02984228283921353,0.6102410150891633,crosswalk_dist,0.17600814
artificial_graph_sbmv_4_0_30_pos_0_70_8,0.29999999999999993,8,Max théorique (GT_proba),0.22967189726465573,0.8293010752688171,0.08477485084142455,0.8293280910987963,GT_proba,1.0
artificial_graph_sbmv_4_0_30_pos_0_70_8,0.29999999999999993,8,Topologiques,0.17485616229074716,0.7157380254154448,0.04582946659881747,0.6848293970508975,jc,0.29924873
artificial_graph_sbmv_4_0_30_pos_0_70_8,0.29999999999999993,8,Communautés,0.24524455319839789,0.738135386119257,0.05095393281921161,0.7105132599051976,leiden_density,0.4371355
artificial_graph_sbmv_4_0_30_pos_0_70_8,0.29999999999999993,8,Embeddings,0.15567247629049413,0.696505376344086,0.03346533926554478,0.651576401652824,n2v_homophily_cos,0.23504138
artificial_graph_sbmv_4_0_20_pos_0_80_8,0.19999999999999996,8,Max théorique (GT_proba),0.32135270665145294,0.8449267274844721,0.1087992318602318,0.8561647659526715,GT_proba,1.0
artificial_graph_sbmv_4_0_20_pos_0_80_8,0.19999999999999996,8,Topologiques,0.27640914254703886,0.7729401203416149,0.06462259564511307,0.727687300986127,jc,0.27894828
artificial_graph_sbmv_4_0_20_pos_0_80_8,0.19999999999999996,8,Communautés,0.22606103649590825,0.8105711374223603,0.059438913361348676,0.746825597216962,sbm_density,0.35277644
artificial_graph_sbmv_4_0_20_pos_0_80_8,0.19999999999999996,8,Embeddings,0.19555903898769073,0.7113984860248447,0.056782135457789776,0.7195379371291504,crosswalk_dist,0.21313278
artificial_graph_sbmv_4_0_10_pos_0_90_8,0.09999999999999998,8,Max théorique (GT_proba),0.28589514200477434,0.862033462033462,0.14155762005240952,0.8733335459183673,GT_proba,1.0
artificial_graph_sbmv_4_0_10_pos_0_90_8,0.09999999999999998,8,Topologiques,0.2544976183706565,0.8140517140517142,0.08171085480308823,0.8108553571428571,jc,0.5113844
artificial_graph_sbmv_4_0_10_pos_0_90_8,0.09999999999999998,8,Communautés,0.2513298442335229,0.8513396513396514,0.07355197358673594,0.8038984693877551,surprise_density,0.46032274
artificial_graph_sbmv_4_0_10_pos_0_90_8,0.09999999999999998,8,Embeddings,0.2188663967138869,0.7823095823095824,0.0763995067441832,0.7741260204081633,crosswalk_cos,0.32575333
artificial_graph_sbmv_4_0_00_pos_1_00_8,0.0,8,Max théorique (GT_proba),0.49738921841351913,0.9350106484208618,0.15449023453947644,0.9113308653644193,GT_proba,1.0
artificial_graph_sbmv_4_0_00_pos_1_00_8,0.0,8,Topologiques,0.25988325132289053,0.7960260999592187,0.11031463575855285,0.838657188615837,jc,0.41176558
artificial_graph_sbmv_4_0_00_pos_1_00_8,0.0,8,Communautés,0.35047055964930696,0.8671779419094658,0.08130274570255439,0.8531688458307078,surprise_density,0.48171568
artificial_graph_sbmv_4_0_00_pos_1_00_8,0.0,8,Embeddings,0.2634482326588574,0.8181385654084916,0.08971795921542111,0.8387469806763286,deepwalk_cos,0.23941708
artificial_graph_sbmv_4_1_00_pos_0_00_9,1.0,9,Max théorique (GT_proba),0.37942248784474397,0.8824483225234474,0.1980677810918245,0.9113139062151927,GT_proba,1.0
artificial_graph_sbmv_4_1_00_pos_0_00_9,1.0,9,Topologiques,0.3767030449895622,0.8342121226261023,0.11083591311488943,0.8327816607262196,jc,0.32173362
artificial_graph_sbmv_4_1_00_pos_0_00_9,1.0,9,Communautés,0.33831895023608927,0.8516751434837386,0.12525826377595894,0.8386661840053464,leiden_density,0.30325216
artificial_graph_sbmv_4_1_00_pos_0_00_9,1.0,9,Embeddings,0.2704502799854665,0.797991227660865,0.09345087350973535,0.8181510358654489,n2v_homophily_cos,0.28789967
artificial_graph_sbmv_4_0_90_pos_0_10_9,0.9,9,Max théorique (GT_proba),0.3148354415988333,0.8689224704336399,0.17043171290455303,0.8868448264462809,GT_proba,1.0
artificial_graph_sbmv_4_0_90_pos_0_10_9,0.9,9,Topologiques,0.23019639999190566,0.7575105351397888,0.0824789320347866,0.7856970578512397,ra,0.3199362
artificial_graph_sbmv_4_0_90_pos_0_10_9,0.9,9,Communautés,0.3083382607114276,0.8368412705605148,0.11007026445831579,0.8159459173553718,sbm_density,0.4149388
artificial_graph_sbmv_4_0_90_pos_0_10_9,0.9,9,Embeddings,0.3407926797455697,0.8082604558430377,0.10897017869059826,0.8114000661157025,n2v_homophily_cos,0.2952111
artificial_graph_sbmv_4_0_80_pos_0_20_9,0.8,9,Max théorique (GT_proba),0.220922642797467,0.7870685464268352,0.1165922242819184,0.8536840456965455,GT_proba,1.0
artificial_graph_sbmv_4_0_80_pos_0_20_9,0.8,9,Topologiques,0.1545149294857453,0.711558094312105,0.06022030667661524,0.7199912855217113,aa,0.30115074
artificial_graph_sbmv_4_0_80_pos_0_20_9,0.8,9,Communautés,0.19877051224825312,0.7447739426349052,0.06273179743289123,0.7576002505412508,surprise_density,0.29435444
artificial_graph_sbmv_4_0_80_pos_0_20_9,0.8,9,Embeddings,0.19656488504398387,0.6716820612542538,0.04280343274296769,0.6723090644190575,n2v_homophily_dist,0.22838564
artificial_graph_sbmv_4_0_70_pos_0_30_9,0.7,9,Max théorique (GT_proba),0.2782328668704911,0.873828125,0.11987622666405245,0.8416593465312985,GT_proba,1.0
artificial_graph_sbmv_4_0_70_pos_0_30_9,0.7,9,Topologiques,0.15348270228327776,0.7019767992424243,0.08091305736941606,0.7145083345280142,aa,0.238728
artificial_graph_sbmv_4_0_70_pos_0_30_9,0.7,9,Communautés,0.20346226941373613,0.7302675189393939,0.03875627528959594,0.6846296706590729,surprise_density,0.243177
artificial_graph_sbmv_4_0_70_pos_0_30_9,0.7,9,Embeddings,0.18949185964642684,0.6780066287878789,0.04228349438832199,0.647488563646079,crosswalk_dist,0.19378395
artificial_graph_sbmv_4_0_60_pos_0_40_9,0.6,9,Max théorique (GT_proba),0.2391851270223765,0.8368304868130592,0.08598819896542054,0.8088674143534551,GT_proba,1.0
artificial_graph_sbmv_4_0_60_pos_0_40_9,0.6,9,Topologiques,0.1260085616302836,0.610084814685721,0.03194822114262791,0.6254490116681761,jc,0.20662571
artificial_graph_sbmv_4_0_60_pos_0_40_9,0.6,9,Communautés,0.15597050752767816,0.6915301498780063,0.03544469329838475,0.6382325909744793,leiden_density,0.2937545
artificial_graph_sbmv_4_0_60_pos_0_40_9,0.6,9,Embeddings,0.12157713624002504,0.6251887998141048,0.03330192114431768,0.6317727369598807,deepwalk_cos,0.22956076
artificial_graph_sbmv_4_0_50_pos_0_50_9,0.5,9,Max théorique (GT_proba),0.2500152075533626,0.8062309657137243,0.07707557100494175,0.8142993079584775,GT_proba,1.0
artificial_graph_sbmv_4_0_50_pos_0_50_9,0.5,9,Topologiques,0.09820872045022506,0.5645569309362413,0.03237490240553787,0.6193606725778547,jc,0.29749194
artificial_graph_sbmv_4_0_50_pos_0_50_9,0.5,9,Communautés,0.11794291414263522,0.5982291973671284,0.031217263760667482,0.6269565041089965,sbm_density,0.3037876
artificial_graph_sbmv_4_0_50_pos_0_50_9,0.5,9,Embeddings,0.14745804079653954,0.6075989782886335,0.03636078346069576,0.638477508650519,n2v_homophily_cos,0.22171204
artificial_graph_sbmv_4_0_40_pos_0_60_9,0.3999999999999999,9,Max théorique (GT_proba),0.2750901180296278,0.8283922973578146,0.0908629619351711,0.8141886666409733,GT_proba,1.0
artificial_graph_sbmv_4_0_40_pos_0_60_9,0.3999999999999999,9,Topologiques,0.14278147879387038,0.5943685624720108,0.04303092645957095,0.6605038475867474,jc,0.28799126
artificial_graph_sbmv_4_0_40_pos_0_60_9,0.3999999999999999,9,Communautés,0.14964729549674524,0.693819973130318,0.04455605954581378,0.663408101129225,surprise_density,0.26000178
artificial_graph_sbmv_4_0_40_pos_0_60_9,0.3999999999999999,9,Embeddings,0.1391732079255677,0.6409538737124943,0.0440740581476392,0.6745360414177618,n2v_homophily_cos,0.22906645
artificial_graph_sbmv_4_0_30_pos_0_70_9,0.29999999999999993,9,Max théorique (GT_proba),0.24239244149519354,0.8229090157914066,0.08720525144798993,0.8207437849064729,GT_proba,1.0
artificial_graph_sbmv_4_0_30_pos_0_70_9,0.29999999999999993,9,Topologiques,0.1488418847879762,0.6757138266617702,0.035789457664752784,0.6438344245893542,jc,0.33824185
artificial_graph_sbmv_4_0_30_pos_0_70_9,0.29999999999999993,9,Communautés,0.2645814812535583,0.7464423430040397,0.03538909452640644,0.6569265840098277,surprise_density,0.34637028
artificial_graph_sbmv_4_0_30_pos_0_70_9,0.29999999999999993,9,Embeddings,0.11989231739128803,0.6739349981637899,0.03843001976281433,0.6694996263978419,crosswalk_cos,0.18805398
artificial_graph_sbmv_4_0_20_pos_0_80_9,0.19999999999999996,9,Max théorique (GT_proba),0.2872751753134024,0.8528527462121213,0.12230879385215235,0.8442478391387609,GT_proba,1.0
artificial_graph_sbmv_4_0_20_pos_0_80_9,0.19999999999999996,9,Topologiques,0.20527212732116062,0.6976680871212122,0.05011836307790586,0.712448631023239,jc,0.33947167
artificial_graph_sbmv_4_0_20_pos_0_80_9,0.19999999999999996,9,Communautés,0.17642797565851925,0.7671874999999999,0.03171109585445778,0.6501246053516899,surprise_density,0.485403
artificial_graph_sbmv_4_0_20_pos_0_80_9,0.19999999999999996,9,Embeddings,0.14324973016966028,0.7053740530303031,0.05894885711663234,0.7248026758449355,crosswalk_cos,0.25363615
artificial_graph_sbmv_4_0_10_pos_0_90_9,0.09999999999999998,9,Max théorique (GT_proba),0.3222292102917123,0.869765592102185,0.1298619367809277,0.8757656215192693,GT_proba,1.0
artificial_graph_sbmv_4_0_10_pos_0_90_9,0.09999999999999998,9,Topologiques,0.23786415181711132,0.792261264211856,0.07800243389941065,0.7926023334818446,jc,0.47271037
artificial_graph_sbmv_4_0_10_pos_0_90_9,0.09999999999999998,9,Communautés,0.27282043651395427,0.8226266785196276,0.05528478804329145,0.7851638728001782,significance_density,0.43803963
artificial_graph_sbmv_4_0_10_pos_0_90_9,0.09999999999999998,9,Embeddings,0.18263860146303568,0.7567023815093811,0.061642289235032635,0.7827954444196925,deepwalk_cos,0.23734006
artificial_graph_sbmv_4_0_00_pos_1_00_9,0.0,9,Max théorique (GT_proba),0.3728617666921424,0.8936167599960705,0.18888143475752944,0.9183115268166089,GT_proba,1.0
artificial_graph_sbmv_4_0_00_pos_1_00_9,0.0,9,Topologiques,0.33854510851488867,0.8459819235681304,0.10406074367855242,0.8603907601643599,jc,0.5016434
artificial_graph_sbmv_4_0_00_pos_1_00_9,0.0,9,Communautés,0.3053776443622289,0.8784261715296198,0.10116503567173701,0.8630456585207613,surprise_density,0.53194976
artificial_graph_sbmv_4_0_00_pos_1_00_9,0.0,9,Embeddings,0.2721389873557698,0.8377050790843894,0.06545179275816143,0.7680789089532871,n2v_homophily_cos,0.3147733
artificial_graph_sbmv_4_1_00_pos_0_00_10,1.0,10,Max théorique (GT_proba),0.45772251802717046,0.9176921829011102,0.2343720867115022,0.922257312589909,GT_proba,1.0
artificial_graph_sbmv_4_1_00_pos_0_00_10,1.0,10,Topologiques,0.32111136243332766,0.844851560870472,0.11510629526944412,0.8451923384303905,jc,0.3055986
artificial_graph_sbmv_4_1_00_pos_0_00_10,1.0,10,Communautés,0.4023773850454258,0.8564740781941642,0.11758449989011788,0.826407507059513,infomap_density,0.25986403
artificial_graph_sbmv_4_1_00_pos_0_00_10,1.0,10,Embeddings,0.35172900595516393,0.8368907738302162,0.10178441996764752,0.8213109382492408,crosswalk_dist,0.22210394
artificial_graph_sbmv_4_0_90_pos_0_10_10,0.9,10,Max théorique (GT_proba),0.39099134577554057,0.9019550054032812,0.16562166690387986,0.8741014273356402,GT_proba,1.0
artificial_graph_sbmv_4_0_90_pos_0_10_10,0.9,10,Topologiques,0.24683041695246732,0.7193732193732194,0.09503315829776353,0.7784076286764705,aa,0.23578991
artificial_graph_sbmv_4_0_90_pos_0_10_10,0.9,10,Communautés,0.31390198690687887,0.8275984870812457,0.12980491302177055,0.8128634569636679,sbm_density,0.41048598
artificial_graph_sbmv_4_0_90_pos_0_10_10,0.9,10,Embeddings,0.2023705121302723,0.7541015816877886,0.054210679529112446,0.7459791306228374,n2v_homophily_cos,0.22939405
artificial_graph_sbmv_4_0_80_pos_0_20_10,0.8,10,Max théorique (GT_proba),0.18988436225583907,0.7784880894506563,0.0918717257665675,0.8435465203360522,GT_proba,1.0
artificial_graph_sbmv_4_0_80_pos_0_20_10,0.8,10,Topologiques,0.18065039457090012,0.6708191541079241,0.055560765000225144,0.7000942252964965,jc,0.2537127
artificial_graph_sbmv_4_0_80_pos_0_20_10,0.8,10,Communautés,0.17230823554057473,0.7199440933398152,0.05905451389038702,0.6927321251072289,sbm_density,0.30195427
artificial_graph_sbmv_4_0_80_pos_0_20_10,0.8,10,Embeddings,0.19601940235504228,0.7444579484686435,0.038198710641006384,0.6667793194537112,crosswalk_dist,0.1854272
artificial_graph_sbmv_4_0_70_pos_0_30_10,0.7,10,Max théorique (GT_proba),0.27635875815629646,0.8249109897934963,0.10988304260687218,0.8500667283556412,GT_proba,1.0
artificial_graph_sbmv_4_0_70_pos_0_30_10,0.7,10,Topologiques,0.12859676221250665,0.6439473059577498,0.0336331078205853,0.6347369312776134,aa,0.22637351
artificial_graph_sbmv_4_0_70_pos_0_30_10,0.7,10,Communautés,0.1296087002735956,0.6652622834084975,0.030591368859221254,0.6207849704805224,surprise_density,0.31022575
artificial_graph_sbmv_4_0_70_pos_0_30_10,0.7,10,Embeddings,0.13406355548058926,0.6443152148112983,0.03682732633411042,0.649820667544214,crosswalk_dist,0.24329141
artificial_graph_sbmv_4_0_60_pos_0_40_10,0.6,10,Max théorique (GT_proba),0.35522655038706025,0.8650470219435736,0.08289998878869739,0.820784034120836,GT_proba,1.0
artificial_graph_sbmv_4_0_60_pos_0_40_10,0.6,10,Topologiques,0.1985361145109525,0.6519032691446485,0.03452112756029116,0.6447085726031269,ra,0.22771505
artificial_graph_sbmv_4_0_60_pos_0_40_10,0.6,10,Communautés,0.20540275034961933,0.7146775638154949,0.033281107719501817,0.6471712850554336,sbm_density,0.28025234
artificial_graph_sbmv_4_0_60_pos_0_40_10,0.6,10,Embeddings,0.12009176629247503,0.6468875951634572,0.038104808566820025,0.6498204031294562,crosswalk_dist,0.19322847
artificial_graph_sbmv_4_0_50_pos_0_50_10,0.5,10,Max théorique (GT_proba),0.21114579895736502,0.7830847537878788,0.06924082412099321,0.8217900663373692,GT_proba,1.0
artificial_graph_sbmv_4_0_50_pos_0_50_10,0.5,10,Topologiques,0.10391407566668938,0.5517045454545455,0.02729155403653625,0.5870274602822922,sp,0.2743287
artificial_graph_sbmv_4_0_50_pos_0_50_10,0.5,10,Communautés,0.1367745646448837,0.6083214962121212,0.03934091619010227,0.640708206805771,sbm_density,0.26236784
artificial_graph_sbmv_4_0_50_pos_0_50_10,0.5,10,Embeddings,0.09672245018007572,0.6003787878787878,0.02695372256006618,0.6001835029780135,n2v_homophily_cos,0.17850313
artificial_graph_sbmv_4_0_40_pos_0_60_10,0.3999999999999999,10,Max théorique (GT_proba),0.21629558568166923,0.8089601572270859,0.08342358498772065,0.8284438775510204,GT_proba,1.0
artificial_graph_sbmv_4_0_40_pos_0_60_10,0.3999999999999999,10,Topologiques,0.1375540121147994,0.6301813471502591,0.02918225735072906,0.5803290816326531,jc,0.2675125
artificial_graph_sbmv_4_0_40_pos_0_60_10,0.3999999999999999,10,Communautés,0.1305308748912081,0.6409907093085582,0.027791243681405228,0.6445771683673469,sbm_density,0.3845028
artificial_graph_sbmv_4_0_40_pos_0_60_10,0.3999999999999999,10,Embeddings,0.14183721799329915,0.6576290870108987,0.030430620834937305,0.621595918367347,n2v_homophily_cos,0.21502624
artificial_graph_sbmv_4_0_30_pos_0_70_10,0.29999999999999993,10,Max théorique (GT_proba),0.21841157846544945,0.793483047115808,0.10831836338719446,0.848766050402259,GT_proba,1.0
artificial_graph_sbmv_4_0_30_pos_0_70_10,0.29999999999999993,10,Topologiques,0.14700358308752126,0.7054740550186562,0.040052682293938185,0.6755040225904416,jc,0.32245255
artificial_graph_sbmv_4_0_30_pos_0_70_10,0.29999999999999993,10,Communautés,0.1718455006288313,0.7355558645623306,0.04589097293123096,0.7235599925408919,surprise_density,0.6150024
artificial_graph_sbmv_4_0_30_pos_0_70_10,0.29999999999999993,10,Embeddings,0.15796912186840642,0.6270133722681871,0.028160826205593348,0.6046949757578987,crosswalk_cos,0.26181033
artificial_graph_sbmv_4_0_20_pos_0_80_10,0.19999999999999996,10,Max théorique (GT_proba),0.24651253758400135,0.815920928030303,0.11872681558770964,0.8539713797912132,GT_proba,1.0
artificial_graph_sbmv_4_0_20_pos_0_80_10,0.19999999999999996,10,Topologiques,0.16733258611207844,0.7399739583333333,0.05675688206067214,0.7337139803724797,jc,0.37069356
artificial_graph_sbmv_4_0_20_pos_0_80_10,0.19999999999999996,10,Communautés,0.19292477391022733,0.7458570075757576,0.06865336830301215,0.7787696959428638,surprise_density,0.52817893
artificial_graph_sbmv_4_0_20_pos_0_80_10,0.19999999999999996,10,Embeddings,0.15854846736974498,0.7342329545454546,0.038308098113965,0.6799138526502365,deepwalk_cos,0.28345168
artificial_graph_sbmv_4_0_10_pos_0_90_10,0.09999999999999998,10,Max théorique (GT_proba),0.34286747560463776,0.8798916315472607,0.1367692941967022,0.8749988595043541,GT_proba,1.0
artificial_graph_sbmv_4_0_10_pos_0_90_10,0.09999999999999998,10,Topologiques,0.28365685981109234,0.8489584587597832,0.09322206318109068,0.8117246977686539,jc,0.3238473
artificial_graph_sbmv_4_0_10_pos_0_90_10,0.09999999999999998,10,Communautés,0.34598356611452546,0.8832028898254065,0.07524125000764569,0.8292487488091883,surprise_density,0.38898522
artificial_graph_sbmv_4_0_10_pos_0_90_10,0.09999999999999998,10,Embeddings,0.2822899390714214,0.8051776038531006,0.05814157640762185,0.7439945524560909,deepwalk_dist,0.3193884
artificial_graph_sbmv_4_0_00_pos_1_00_10,0.0,10,Max théorique (GT_proba),0.45019551051555545,0.9194487577639752,0.14598356662670153,0.8928102512309052,GT_proba,1.0
artificial_graph_sbmv_4_0_00_pos_1_00_10,0.0,10,Topologiques,0.37921692526626477,0.8685825892857143,0.10023243984167049,0.8507218504958688,jc,0.51064223
artificial_graph_sbmv_4_0_00_pos_1_00_10,0.0,10,Communautés,0.29808733179738506,0.8824243012422359,0.10274349894190578,0.8490429098458387,surprise_density,0.5232743
artificial_graph_sbmv_4_0_00_pos_1_00_10,0.0,10,Embeddings,0.3312127676550105,0.8689586568322981,0.11472671502180942,0.8531523797500317,crosswalk_cos,0.2506066
